-- 테스트 계정
-- TODO: 테스트용이지만 비밀번호가 노출된 데이터 세팅. 개선하는 것이 좋을 지 고민해 보자.
insert into user_account (user_id, user_password, nickname, email, memo, created_at, created_by, modified_at, modified_by) values
    ('yessm621', '{noop}asdf1234', 'yessm621', 'yessm621@email.com', 'I am yessm.', now(), 'yessm621', now(), 'yessm621');
insert into user_account (user_id, user_password, nickname, email, memo, created_at, created_by, modified_at, modified_by) values
    ('yessm6212', '{noop}asdf1234', 'yessm6212', 'yessm6212@email.com', 'I am yessm2.', now(), 'yessm6212', now(), 'yessm6212');


-- 게시글
insert into article (user_id, title, content, hashtag, created_at, created_by, modified_at, modified_by) values ('yessm621', 'Aliquam erat volutpat.', 'In hac habitasse platea dictumst. Etiam faucibus cursus urna. Ut tellus.', '#Puce', '2022-07-23 00:28:38', 'Micheal', '2022-07-05 01:35:56', 'Francklyn');
insert into article (user_id, title, content, hashtag, created_at, created_by, modified_at, modified_by) values ('yessm6212', 'Nullam porttitor lacus at turpis.', 'Duis bibendum, felis sed interdum venenatis, turpis enim blandit mi, in porttitor pede justo eu massa. Donec dapibus. Duis at velit eu est congue elementum.', '#Crimson', '2022-08-14 21:50:35', 'Vincenz', '2022-06-16 12:00:16', 'Gwenny');
insert into article (user_id, title, content, hashtag, created_at, created_by, modified_at, modified_by) values ('yessm621', 'Morbi porttitor lorem id ligula.', 'Curabitur in libero ut massa volutpat convallis. Morbi odio odio, elementum eu, interdum eu, tincidunt in, leo. Maecenas pulvinar lobortis est.', null, '2023-03-09 01:10:10', 'Zaria', '2022-08-06 18:45:01', 'Paola');
insert into article (user_id, title, content, hashtag, created_at, created_by, modified_at, modified_by) values ('yessm621', 'Praesent blandit.', 'Proin leo odio, porttitor id, consequat in, consequat ut, nulla. Sed accumsan felis. Ut at dolor quis odio consequat varius.', '#Indigo', '2022-07-19 19:25:04', 'Harriet', '2023-02-01 01:29:21', 'Brandy');
insert into article (user_id, title, content, hashtag, created_at, created_by, modified_at, modified_by) values ('yessm6212', 'Aenean lectus.', 'Donec diam neque, vestibulum eget, vulputate ut, ultrices vel, augue. Vestibulum ante ipsum primis in faucibus orci luctus et ultrices posuere cubilia Curae; Donec pharetra, magna vestibulum aliquet ultrices, erat tortor sollicitudin mi, sit amet lobortis sapien sapien non mi. Integer ac neque.', '#Violet', '2022-05-21 18:29:08', 'Isaiah', '2022-11-12 21:41:48', 'Cathrine');
insert into article (user_id, title, content, hashtag, created_at, created_by, modified_at, modified_by) values ('yessm6212', 'Aenean fermentum.', 'Proin eu mi. Nulla ac enim. In tempor, turpis nec euismod scelerisque, quam turpis adipiscing lorem, vitae mattis nibh ligula nec sem.', '#Green', '2023-01-26 13:25:17', 'Melli', '2022-09-24 05:09:40', 'Waylin');
insert into article (user_id, title, content, hashtag, created_at, created_by, modified_at, modified_by) values ('yessm6212', 'Vestibulum ac est lacinia nisi venenatis tristique.', 'Etiam vel augue. Vestibulum rutrum rutrum neque. Aenean auctor gravida sem.', '#Red', '2022-05-06 05:18:05', 'Judi', '2022-10-27 08:38:49', 'Kara-lynn');
insert into article (user_id, title, content, hashtag, created_at, created_by, modified_at, modified_by) values ('yessm6212', 'Nam dui.', 'Fusce posuere felis sed lacus. Morbi sem mauris, laoreet ut, rhoncus aliquet, pulvinar sed, nisl. Nunc rhoncus dui vel sem.', '#Indigo', '2023-01-15 11:19:55', 'Culver', '2022-05-27 12:35:30', 'Amity');
insert into article (user_id, title, content, hashtag, created_at, created_by, modified_at, modified_by) values ('yessm6212', 'Quisque arcu libero, rutrum ac, lobortis vel, dapibus at, diam.', 'Nullam sit amet turpis elementum ligula vehicula consequat. Morbi a ipsum. Integer a nibh.', '#Orange', '2023-02-11 15:59:46', 'Joela', '2022-12-11 06:30:19', 'Bianka');
insert into article (user_id, title, content, hashtag, created_at, created_by, modified_at, modified_by) values ('yessm621', 'Cum sociis natoque penatibus et magnis dis parturient montes, nascetur ridiculus mus.', 'Sed sagittis. Nam congue, risus semper porta volutpat, quam pede lobortis ligula, sit amet eleifend pede libero quis orci. Nullam molestie nibh in lectus.', '#Maroon', '2023-02-05 17:51:33', 'Barnard', '2023-02-19 23:04:33', 'Toby');
insert into article (user_id, title, content, hashtag, created_at, created_by, modified_at, modified_by) values ('yessm621', 'Proin leo odio, porttitor id, consequat in, consequat ut, nulla.', 'Curabitur at ipsum ac tellus semper interdum. Mauris ullamcorper purus sit amet nulla. Quisque arcu libero, rutrum ac, lobortis vel, dapibus at, diam.', '#Turquoise', '2022-06-01 09:57:30', 'Laurene', '2023-04-12 22:18:46', 'Cris');
insert into article (user_id, title, content, hashtag, created_at, created_by, modified_at, modified_by) values ('yessm621', 'Ut at dolor quis odio consequat varius.', 'Morbi non lectus. Aliquam sit amet diam in magna bibendum imperdiet. Nullam orci pede, venenatis non, sodales sed, tincidunt eu, felis.', null, '2022-12-26 06:28:12', 'Stace', '2022-12-20 17:55:53', 'Eduardo');
insert into article (user_id, title, content, hashtag, created_at, created_by, modified_at, modified_by) values ('yessm621', 'Ut tellus.', 'Curabitur gravida nisi at nibh. In hac habitasse platea dictumst. Aliquam augue quam, sollicitudin vitae, consectetuer eget, rutrum at, lorem.', '#Maroon', '2022-05-01 03:46:17', 'Guthry', '2022-12-13 01:31:17', 'Ansell');
insert into article (user_id, title, content, hashtag, created_at, created_by, modified_at, modified_by) values ('yessm6212', 'In tempor, turpis nec euismod scelerisque, quam turpis adipiscing lorem, vitae mattis nibh ligula nec sem.', 'Mauris enim leo, rhoncus sed, vestibulum sit amet, cursus id, turpis. Integer aliquet, massa id lobortis convallis, tortor risus dapibus augue, vel accumsan tellus nisi eu orci. Mauris lacinia sapien quis libero.', '#Teal', '2022-06-05 00:16:01', 'Evelina', '2022-12-07 21:50:23', 'Jess');
insert into article (user_id, title, content, hashtag, created_at, created_by, modified_at, modified_by) values ('yessm621', 'Morbi odio odio, elementum eu, interdum eu, tincidunt in, leo.', 'Sed ante. Vivamus tortor. Duis mattis egestas metus.', '#Teal', '2022-08-04 20:55:27', 'Aileen', '2023-04-08 13:01:15', 'Lorry');
insert into article (user_id, title, content, hashtag, created_at, created_by, modified_at, modified_by) values ('yessm6212', 'Vivamus tortor.', 'Lorem ipsum dolor sit amet, consectetuer adipiscing elit. Proin risus. Praesent lectus.', '#Mauv', '2022-08-26 00:44:10', 'Dov', '2022-12-29 19:13:24', 'Glen');
insert into article (user_id, title, content, hashtag, created_at, created_by, modified_at, modified_by) values ('yessm621', 'In est risus, auctor sed, tristique in, tempus sit amet, sem.', 'Aenean lectus. Pellentesque eget nunc. Donec quis orci eget orci vehicula condimentum.', '#Aquamarine', '2022-05-21 21:29:50', 'Kalindi', '2022-07-23 00:54:23', 'Dotti');
insert into article (user_id, title, content, hashtag, created_at, created_by, modified_at, modified_by) values ('yessm621', 'Maecenas ut massa quis augue luctus tincidunt.', 'Aenean fermentum. Donec ut mauris eget massa tempor convallis. Nulla neque libero, convallis eget, eleifend luctus, ultricies eu, nibh.', '#Indigo', '2023-01-14 01:22:40', 'Abby', '2022-07-12 13:50:03', 'Myrah');
insert into article (user_id, title, content, hashtag, created_at, created_by, modified_at, modified_by) values ('yessm621', 'Etiam vel augue.', 'Phasellus in felis. Donec semper sapien a libero. Nam dui.', '#Turquoise', '2022-09-20 17:01:46', 'Pearline', '2023-01-04 14:24:50', 'Barnaby');
insert into article (user_id, title, content, hashtag, created_at, created_by, modified_at, modified_by) values ('yessm621', 'Sed ante.', 'Nam ultrices, libero non mattis pulvinar, nulla pede ullamcorper augue, a suscipit nulla elit ac nulla. Sed vel enim sit amet nunc viverra dapibus. Nulla suscipit ligula in lacus.', '#Mauv', '2022-05-10 21:44:01', 'Sula', '2023-03-01 12:58:51', 'Joly');
insert into article (user_id, title, content, hashtag, created_at, created_by, modified_at, modified_by) values ('yessm621', 'In hac habitasse platea dictumst.', 'Duis aliquam convallis nunc. Proin at turpis a pede posuere nonummy. Integer non velit.', '#Maroon', '2022-08-02 02:21:14', 'Gilberto', '2022-11-22 19:17:03', 'Samson');
insert into article (user_id, title, content, hashtag, created_at, created_by, modified_at, modified_by) values ('yessm621', 'Fusce lacus purus, aliquet at, feugiat non, pretium quis, lectus.', 'Phasellus in felis. Donec semper sapien a libero. Nam dui.', '#Goldenrod', '2023-03-03 14:23:22', 'Ev', '2023-03-14 13:42:18', 'Bernadene');
insert into article (user_id, title, content, hashtag, created_at, created_by, modified_at, modified_by) values ('yessm621', 'Integer tincidunt ante vel ipsum.', 'Praesent blandit. Nam nulla. Integer pede justo, lacinia eget, tincidunt eget, tempus vel, pede.', '#Mauv', '2022-09-02 06:39:11', 'Trixie', '2022-11-11 17:47:47', 'Barton');
insert into article (user_id, title, content, hashtag, created_at, created_by, modified_at, modified_by) values ('yessm621', 'Lorem ipsum dolor sit amet, consectetuer adipiscing elit.', 'Vestibulum quam sapien, varius ut, blandit non, interdum in, ante. Vestibulum ante ipsum primis in faucibus orci luctus et ultrices posuere cubilia Curae; Duis faucibus accumsan odio. Curabitur convallis.', '#Maroon', '2022-05-15 16:39:23', 'Maxi', '2022-08-06 15:01:54', 'Kassey');
insert into article (user_id, title, content, hashtag, created_at, created_by, modified_at, modified_by) values ('yessm621', 'Fusce congue, diam id ornare imperdiet, sapien urna pretium nisl, ut volutpat sapien arcu sed augue.', 'Nullam porttitor lacus at turpis. Donec posuere metus vitae ipsum. Aliquam non mauris.', null, '2023-04-18 19:12:10', 'Kathlin', '2022-07-20 16:07:08', 'Janeczka');
insert into article (user_id, title, content, hashtag, created_at, created_by, modified_at, modified_by) values ('yessm621', 'Nullam orci pede, venenatis non, sodales sed, tincidunt eu, felis.', 'Maecenas leo odio, condimentum id, luctus nec, molestie sed, justo. Pellentesque viverra pede ac diam. Cras pellentesque volutpat dui.', null, '2022-12-14 07:12:53', 'Oliver', '2022-06-25 20:07:49', 'Jemmie');
insert into article (user_id, title, content, hashtag, created_at, created_by, modified_at, modified_by) values ('yessm621', 'Duis ac nibh.', 'Vestibulum ac est lacinia nisi venenatis tristique. Fusce congue, diam id ornare imperdiet, sapien urna pretium nisl, ut volutpat sapien arcu sed augue. Aliquam erat volutpat.', '#Yellow', '2023-01-15 00:40:11', 'Kaiser', '2022-12-26 15:11:33', 'Calvin');
insert into article (user_id, title, content, hashtag, created_at, created_by, modified_at, modified_by) values ('yessm621', 'Duis mattis egestas metus.', 'Vestibulum ac est lacinia nisi venenatis tristique. Fusce congue, diam id ornare imperdiet, sapien urna pretium nisl, ut volutpat sapien arcu sed augue. Aliquam erat volutpat.', '#Puce', '2022-12-12 23:13:43', 'Natale', '2022-10-31 00:22:41', 'Teddie');
insert into article (user_id, title, content, hashtag, created_at, created_by, modified_at, modified_by) values ('yessm621', 'Nulla facilisi.', 'Maecenas tristique, est et tempus semper, est quam pharetra magna, ac consequat metus sapien ut nunc. Vestibulum ante ipsum primis in faucibus orci luctus et ultrices posuere cubilia Curae; Mauris viverra diam vitae quam. Suspendisse potenti.', '#Green', '2022-11-15 01:06:00', 'Antonin', '2022-08-21 04:33:44', 'Eachelle');
insert into article (user_id, title, content, hashtag, created_at, created_by, modified_at, modified_by) values ('yessm621', 'Nullam orci pede, venenatis non, sodales sed, tincidunt eu, felis.', 'Duis bibendum. Morbi non quam nec dui luctus rutrum. Nulla tellus.', '#Maroon', '2022-12-30 21:58:19', 'Marley', '2022-09-12 14:00:00', 'Glyn');
insert into article (user_id, title, content, hashtag, created_at, created_by, modified_at, modified_by) values ('yessm621', 'Integer tincidunt ante vel ipsum.', 'Praesent id massa id nisl venenatis lacinia. Aenean sit amet justo. Morbi ut odio.', '#Pink', '2022-09-18 22:58:39', 'Howie', '2023-01-05 15:10:33', 'Deanne');
insert into article (user_id, title, content, hashtag, created_at, created_by, modified_at, modified_by) values ('yessm621', 'Morbi vestibulum, velit id pretium iaculis, diam erat fermentum justo, nec condimentum neque sapien placerat ante.', 'Vestibulum quam sapien, varius ut, blandit non, interdum in, ante. Vestibulum ante ipsum primis in faucibus orci luctus et ultrices posuere cubilia Curae; Duis faucibus accumsan odio. Curabitur convallis.', '#Maroon', '2022-05-08 14:39:17', 'Erek', '2022-10-16 15:08:05', 'Hunter');
insert into article (user_id, title, content, hashtag, created_at, created_by, modified_at, modified_by) values ('yessm621', 'Aenean sit amet justo.', 'Aenean lectus. Pellentesque eget nunc. Donec quis orci eget orci vehicula condimentum.', '#Purple', '2022-05-18 16:54:44', 'Ronald', '2023-02-02 21:44:35', 'Vassily');
insert into article (user_id, title, content, hashtag, created_at, created_by, modified_at, modified_by) values ('yessm621', 'Vestibulum ac est lacinia nisi venenatis tristique.', 'Morbi porttitor lorem id ligula. Suspendisse ornare consequat lectus. In est risus, auctor sed, tristique in, tempus sit amet, sem.', '#Violet', '2022-08-31 21:38:01', 'Meara', '2022-05-31 18:00:47', 'Theodor');
insert into article (user_id, title, content, hashtag, created_at, created_by, modified_at, modified_by) values ('yessm621', 'Duis mattis egestas metus.', 'Proin leo odio, porttitor id, consequat in, consequat ut, nulla. Sed accumsan felis. Ut at dolor quis odio consequat varius.', '#Goldenrod', '2022-10-13 02:22:20', 'Catriona', '2023-01-25 23:31:10', 'Scarface');
insert into article (user_id, title, content, hashtag, created_at, created_by, modified_at, modified_by) values ('yessm621', 'Cras pellentesque volutpat dui.', 'Praesent id massa id nisl venenatis lacinia. Aenean sit amet justo. Morbi ut odio.', '#Violet', '2022-12-16 22:34:45', 'Rebeca', '2022-08-01 18:31:20', 'Claiborn');
insert into article (user_id, title, content, hashtag, created_at, created_by, modified_at, modified_by) values ('yessm621', 'Pellentesque at nulla.', 'Sed ante. Vivamus tortor. Duis mattis egestas metus.', '#Turquoise', '2022-07-15 18:53:06', 'Marcie', '2023-01-14 08:18:06', 'Barron');
insert into article (user_id, title, content, hashtag, created_at, created_by, modified_at, modified_by) values ('yessm621', 'Nulla tempus.', 'Duis aliquam convallis nunc. Proin at turpis a pede posuere nonummy. Integer non velit.', '#Turquoise', '2022-06-11 07:29:03', 'Madelin', '2023-03-07 06:29:46', 'Kamillah');
insert into article (user_id, title, content, hashtag, created_at, created_by, modified_at, modified_by) values ('yessm621', 'Curabitur gravida nisi at nibh.', 'Praesent id massa id nisl venenatis lacinia. Aenean sit amet justo. Morbi ut odio.', '#Teal', '2022-06-10 02:04:11', 'Ivor', '2022-09-25 23:10:54', 'Giuseppe');
insert into article (user_id, title, content, hashtag, created_at, created_by, modified_at, modified_by) values ('yessm621', 'Vivamus in felis eu sapien cursus vestibulum.', 'In hac habitasse platea dictumst. Morbi vestibulum, velit id pretium iaculis, diam erat fermentum justo, nec condimentum neque sapien placerat ante. Nulla justo.', '#Teal', '2022-08-24 07:34:10', 'Sidnee', '2022-09-02 18:21:33', 'Stevy');
insert into article (user_id, title, content, hashtag, created_at, created_by, modified_at, modified_by) values ('yessm621', 'Aenean fermentum.', 'Nulla ut erat id mauris vulputate elementum. Nullam varius. Nulla facilisi.', null, '2023-02-18 06:02:37', 'Stillmann', '2022-11-07 09:10:48', 'Jeramey');
insert into article (user_id, title, content, hashtag, created_at, created_by, modified_at, modified_by) values ('yessm621', 'Duis aliquam convallis nunc.', 'Nulla ut erat id mauris vulputate elementum. Nullam varius. Nulla facilisi.', null, '2022-06-07 22:58:50', 'Luther', '2022-05-05 09:20:10', 'Branden');
insert into article (user_id, title, content, hashtag, created_at, created_by, modified_at, modified_by) values ('yessm621', 'Pellentesque eget nunc.', 'Pellentesque at nulla. Suspendisse potenti. Cras in purus eu magna vulputate luctus.', null, '2022-05-31 11:24:16', 'Gina', '2022-07-01 02:43:58', 'Jeannette');
insert into article (user_id, title, content, hashtag, created_at, created_by, modified_at, modified_by) values ('yessm621', 'Morbi odio odio, elementum eu, interdum eu, tincidunt in, leo.', 'Aenean lectus. Pellentesque eget nunc. Donec quis orci eget orci vehicula condimentum.', null, '2022-12-25 14:26:05', 'Ilyse', '2022-05-06 22:13:25', 'Kory');
insert into article (user_id, title, content, hashtag, created_at, created_by, modified_at, modified_by) values ('yessm621', 'Donec dapibus.', 'Donec diam neque, vestibulum eget, vulputate ut, ultrices vel, augue. Vestibulum ante ipsum primis in faucibus orci luctus et ultrices posuere cubilia Curae; Donec pharetra, magna vestibulum aliquet ultrices, erat tortor sollicitudin mi, sit amet lobortis sapien sapien non mi. Integer ac neque.', null, '2022-06-12 09:37:14', 'Stevie', '2023-02-23 09:34:53', 'Sydelle');
insert into article (user_id, title, content, hashtag, created_at, created_by, modified_at, modified_by) values ('yessm621', 'Quisque erat eros, viverra eget, congue eget, semper rutrum, nulla.', 'Nullam sit amet turpis elementum ligula vehicula consequat. Morbi a ipsum. Integer a nibh.', '#Aquamarine', '2023-02-06 04:57:53', 'Reidar', '2022-05-14 23:15:36', 'Misty');
insert into article (user_id, title, content, hashtag, created_at, created_by, modified_at, modified_by) values ('yessm621', 'Nulla ac enim.', 'Duis bibendum, felis sed interdum venenatis, turpis enim blandit mi, in porttitor pede justo eu massa. Donec dapibus. Duis at velit eu est congue elementum.', '#Aquamarine', '2023-04-15 20:41:29', 'Trent', '2022-06-17 09:30:52', 'Sergio');
insert into article (user_id, title, content, hashtag, created_at, created_by, modified_at, modified_by) values ('yessm621', 'Maecenas ut massa quis augue luctus tincidunt.', 'In sagittis dui vel nisl. Duis ac nibh. Fusce lacus purus, aliquet at, feugiat non, pretium quis, lectus.', '#Fuscia', '2022-09-22 14:35:26', 'Redford', '2022-08-09 12:15:30', 'Truman');
insert into article (user_id, title, content, hashtag, created_at, created_by, modified_at, modified_by) values ('yessm6212', 'Phasellus sit amet erat.', 'Morbi porttitor lorem id ligula. Suspendisse ornare consequat lectus. In est risus, auctor sed, tristique in, tempus sit amet, sem.', '#Crimson', '2023-01-22 03:25:17', 'Boone', '2023-03-30 07:39:04', 'Judd');
insert into article (user_id, title, content, hashtag, created_at, created_by, modified_at, modified_by) values ('yessm621', 'Vestibulum ante ipsum primis in faucibus orci luctus et ultrices posuere cubilia Curae; Mauris viverra diam vitae quam.', 'Integer tincidunt ante vel ipsum. Praesent blandit lacinia erat. Vestibulum sed magna at nunc commodo placerat.', '#Green', '2023-01-27 23:02:21', 'Russ', '2023-02-27 23:27:26', 'Sibylla');
insert into article (user_id, title, content, hashtag, created_at, created_by, modified_at, modified_by) values ('yessm6212', 'Vestibulum ante ipsum primis in faucibus orci luctus et ultrices posuere cubilia Curae; Duis faucibus accumsan odio.', 'Donec diam neque, vestibulum eget, vulputate ut, ultrices vel, augue. Vestibulum ante ipsum primis in faucibus orci luctus et ultrices posuere cubilia Curae; Donec pharetra, magna vestibulum aliquet ultrices, erat tortor sollicitudin mi, sit amet lobortis sapien sapien non mi. Integer ac neque.', '#Red', '2022-05-15 17:18:30', 'Nancey', '2023-03-23 10:36:12', 'Dela');
insert into article (user_id, title, content, hashtag, created_at, created_by, modified_at, modified_by) values ('yessm621', 'In eleifend quam a odio.', 'Maecenas leo odio, condimentum id, luctus nec, molestie sed, justo. Pellentesque viverra pede ac diam. Cras pellentesque volutpat dui.', '#Green', '2023-02-07 08:39:38', 'Lurlene', '2022-08-24 11:51:37', 'Nydia');
insert into article (user_id, title, content, hashtag, created_at, created_by, modified_at, modified_by) values ('yessm621', 'Maecenas tincidunt lacus at velit.', 'Curabitur gravida nisi at nibh. In hac habitasse platea dictumst. Aliquam augue quam, sollicitudin vitae, consectetuer eget, rutrum at, lorem.', '#Indigo', '2022-11-20 02:56:43', 'Brnaba', '2022-06-09 18:43:39', 'Thomasin');
insert into article (user_id, title, content, hashtag, created_at, created_by, modified_at, modified_by) values ('yessm621', 'Vestibulum quam sapien, varius ut, blandit non, interdum in, ante.', 'Duis bibendum, felis sed interdum venenatis, turpis enim blandit mi, in porttitor pede justo eu massa. Donec dapibus. Duis at velit eu est congue elementum.', '#Aquamarine', '2022-05-08 23:15:09', 'Aime', '2022-08-20 17:25:13', 'Quint');
insert into article (user_id, title, content, hashtag, created_at, created_by, modified_at, modified_by) values ('yessm621', 'Nam dui.', 'Quisque id justo sit amet sapien dignissim vestibulum. Vestibulum ante ipsum primis in faucibus orci luctus et ultrices posuere cubilia Curae; Nulla dapibus dolor vel est. Donec odio justo, sollicitudin ut, suscipit a, feugiat et, eros.', '#Green', '2022-06-29 15:14:14', 'Iain', '2023-01-04 03:59:40', 'Nicola');
insert into article (user_id, title, content, hashtag, created_at, created_by, modified_at, modified_by) values ('yessm621', 'Morbi sem mauris, laoreet ut, rhoncus aliquet, pulvinar sed, nisl.', 'Etiam vel augue. Vestibulum rutrum rutrum neque. Aenean auctor gravida sem.', '#Mauv', '2022-11-13 14:10:56', 'Giusto', '2023-04-24 11:43:30', 'Buddie');
insert into article (user_id, title, content, hashtag, created_at, created_by, modified_at, modified_by) values ('yessm621', 'Suspendisse potenti.', 'Duis bibendum. Morbi non quam nec dui luctus rutrum. Nulla tellus.', '#Purple', '2022-10-14 14:00:01', 'Robb', '2023-03-30 23:19:00', 'Lacie');
insert into article (user_id, title, content, hashtag, created_at, created_by, modified_at, modified_by) values ('yessm621', 'Nullam orci pede, venenatis non, sodales sed, tincidunt eu, felis.', 'Curabitur gravida nisi at nibh. In hac habitasse platea dictumst. Aliquam augue quam, sollicitudin vitae, consectetuer eget, rutrum at, lorem.', '#Crimson', '2022-09-17 00:18:54', 'Gina', '2022-10-24 19:35:09', 'Harwell');
insert into article (user_id, title, content, hashtag, created_at, created_by, modified_at, modified_by) values ('yessm6212', 'Aenean auctor gravida sem.', 'Curabitur in libero ut massa volutpat convallis. Morbi odio odio, elementum eu, interdum eu, tincidunt in, leo. Maecenas pulvinar lobortis est.', '#Mauv', '2022-06-08 07:29:54', 'Iolanthe', '2022-05-11 16:04:48', 'Kristi');
insert into article (user_id, title, content, hashtag, created_at, created_by, modified_at, modified_by) values ('yessm6212', 'Donec posuere metus vitae ipsum.', 'In hac habitasse platea dictumst. Morbi vestibulum, velit id pretium iaculis, diam erat fermentum justo, nec condimentum neque sapien placerat ante. Nulla justo.', '#Yellow', '2023-04-13 19:56:43', 'Ryley', '2022-05-18 07:42:04', 'Trevor');
insert into article (user_id, title, content, hashtag, created_at, created_by, modified_at, modified_by) values ('yessm6212', 'Suspendisse potenti.', 'In hac habitasse platea dictumst. Morbi vestibulum, velit id pretium iaculis, diam erat fermentum justo, nec condimentum neque sapien placerat ante. Nulla justo.', null, '2022-05-27 19:53:26', 'Wade', '2022-05-25 03:23:44', 'Marieann');
insert into article (user_id, title, content, hashtag, created_at, created_by, modified_at, modified_by) values ('yessm6212', 'Nulla ut erat id mauris vulputate elementum.', 'Maecenas ut massa quis augue luctus tincidunt. Nulla mollis molestie lorem. Quisque ut erat.', '#Maroon', '2022-10-31 15:50:53', 'Brigida', '2022-12-30 15:54:18', 'Broderic');
insert into article (user_id, title, content, hashtag, created_at, created_by, modified_at, modified_by) values ('yessm6212', 'Nulla facilisi.', 'Donec diam neque, vestibulum eget, vulputate ut, ultrices vel, augue. Vestibulum ante ipsum primis in faucibus orci luctus et ultrices posuere cubilia Curae; Donec pharetra, magna vestibulum aliquet ultrices, erat tortor sollicitudin mi, sit amet lobortis sapien sapien non mi. Integer ac neque.', '#Purple', '2023-04-04 10:35:10', 'Evonne', '2022-08-29 02:00:15', 'Faber');
insert into article (user_id, title, content, hashtag, created_at, created_by, modified_at, modified_by) values ('yessm6212', 'Mauris lacinia sapien quis libero.', 'Nullam porttitor lacus at turpis. Donec posuere metus vitae ipsum. Aliquam non mauris.', null, '2022-11-27 01:14:42', 'Konstantin', '2022-06-21 04:54:17', 'Miguela');
insert into article (user_id, title, content, hashtag, created_at, created_by, modified_at, modified_by) values ('yessm621', 'Etiam faucibus cursus urna.', 'Curabitur at ipsum ac tellus semper interdum. Mauris ullamcorper purus sit amet nulla. Quisque arcu libero, rutrum ac, lobortis vel, dapibus at, diam.', '#Goldenrod', '2022-09-03 15:00:12', 'Chane', '2022-08-12 05:28:49', 'Abby');
insert into article (user_id, title, content, hashtag, created_at, created_by, modified_at, modified_by) values ('yessm6212', 'Integer aliquet, massa id lobortis convallis, tortor risus dapibus augue, vel accumsan tellus nisi eu orci.', 'Quisque id justo sit amet sapien dignissim vestibulum. Vestibulum ante ipsum primis in faucibus orci luctus et ultrices posuere cubilia Curae; Nulla dapibus dolor vel est. Donec odio justo, sollicitudin ut, suscipit a, feugiat et, eros.', '#Blue', '2022-06-12 12:28:37', 'Sile', '2023-02-27 22:10:22', 'Ozzie');
insert into article (user_id, title, content, hashtag, created_at, created_by, modified_at, modified_by) values ('yessm6212', 'Integer ac neque.', 'Proin interdum mauris non ligula pellentesque ultrices. Phasellus id sapien in sapien iaculis congue. Vivamus metus arcu, adipiscing molestie, hendrerit at, vulputate vitae, nisl.', '#Crimson', '2022-10-23 03:34:06', 'Elene', '2022-06-09 20:36:29', 'Svend');
insert into article (user_id, title, content, hashtag, created_at, created_by, modified_at, modified_by) values ('yessm6212', 'Donec semper sapien a libero.', 'Aenean lectus. Pellentesque eget nunc. Donec quis orci eget orci vehicula condimentum.', '#Yellow', '2023-01-29 11:18:43', 'Mikkel', '2022-11-20 20:37:47', 'Durand');
insert into article (user_id, title, content, hashtag, created_at, created_by, modified_at, modified_by) values ('yessm621', 'Quisque porta volutpat erat.', 'Vestibulum quam sapien, varius ut, blandit non, interdum in, ante. Vestibulum ante ipsum primis in faucibus orci luctus et ultrices posuere cubilia Curae; Duis faucibus accumsan odio. Curabitur convallis.', '#Purple', '2022-06-14 23:45:17', 'Travis', '2022-07-07 23:02:51', 'Yvette');
insert into article (user_id, title, content, hashtag, created_at, created_by, modified_at, modified_by) values ('yessm6212', 'Mauris sit amet eros.', 'Proin interdum mauris non ligula pellentesque ultrices. Phasellus id sapien in sapien iaculis congue. Vivamus metus arcu, adipiscing molestie, hendrerit at, vulputate vitae, nisl.', '#Teal', '2022-09-01 17:44:26', 'Andeee', '2022-12-20 20:33:24', 'Phaedra');
insert into article (user_id, title, content, hashtag, created_at, created_by, modified_at, modified_by) values ('yessm6212', 'Duis aliquam convallis nunc.', 'Quisque porta volutpat erat. Quisque erat eros, viverra eget, congue eget, semper rutrum, nulla. Nunc purus.', '#Khaki', '2022-09-21 06:28:16', 'Bank', '2022-11-06 19:00:33', 'Herc');
insert into article (user_id, title, content, hashtag, created_at, created_by, modified_at, modified_by) values ('yessm6212', 'Mauris ullamcorper purus sit amet nulla.', 'Suspendisse potenti. In eleifend quam a odio. In hac habitasse platea dictumst.', '#Green', '2022-06-29 08:06:24', 'Isabella', '2023-03-06 18:21:43', 'Edwina');
insert into article (user_id, title, content, hashtag, created_at, created_by, modified_at, modified_by) values ('yessm621', 'Nullam porttitor lacus at turpis.', 'Curabitur gravida nisi at nibh. In hac habitasse platea dictumst. Aliquam augue quam, sollicitudin vitae, consectetuer eget, rutrum at, lorem.', '#Green', '2022-06-25 09:57:03', 'Aida', '2022-08-01 17:35:06', 'Hermione');
insert into article (user_id, title, content, hashtag, created_at, created_by, modified_at, modified_by) values ('yessm6212', 'Morbi quis tortor id nulla ultrices aliquet.', 'Pellentesque at nulla. Suspendisse potenti. Cras in purus eu magna vulputate luctus.', null, '2022-05-03 07:48:26', 'Dion', '2022-12-04 09:44:00', 'Ancell');
insert into article (user_id, title, content, hashtag, created_at, created_by, modified_at, modified_by) values ('yessm6212', 'Fusce congue, diam id ornare imperdiet, sapien urna pretium nisl, ut volutpat sapien arcu sed augue.', 'Cras non velit nec nisi vulputate nonummy. Maecenas tincidunt lacus at velit. Vivamus vel nulla eget eros elementum pellentesque.', '#Turquoise', '2022-09-17 22:25:39', 'Ulrick', '2022-08-26 03:24:57', 'Neils');
insert into article (user_id, title, content, hashtag, created_at, created_by, modified_at, modified_by) values ('yessm6212', 'In congue.', 'Integer ac leo. Pellentesque ultrices mattis odio. Donec vitae nisi.', '#Violet', '2022-12-29 06:25:22', 'Gustavo', '2023-03-25 11:00:03', 'Tiphany');
insert into article (user_id, title, content, hashtag, created_at, created_by, modified_at, modified_by) values ('yessm6212', 'Nulla facilisi.', 'Aenean fermentum. Donec ut mauris eget massa tempor convallis. Nulla neque libero, convallis eget, eleifend luctus, ultricies eu, nibh.', '#Mauv', '2022-06-11 00:52:10', 'Gardener', '2022-07-02 04:25:33', 'Erl');
insert into article (user_id, title, content, hashtag, created_at, created_by, modified_at, modified_by) values ('yessm6212', 'Duis consequat dui nec nisi volutpat eleifend.', 'Suspendisse potenti. In eleifend quam a odio. In hac habitasse platea dictumst.', '#Aquamarine', '2022-07-03 06:17:59', 'Josy', '2022-10-20 12:31:52', 'Daniella');
insert into article (user_id, title, content, hashtag, created_at, created_by, modified_at, modified_by) values ('yessm621', 'Nulla ac enim.', 'Curabitur at ipsum ac tellus semper interdum. Mauris ullamcorper purus sit amet nulla. Quisque arcu libero, rutrum ac, lobortis vel, dapibus at, diam.', '#Teal', '2023-02-23 07:38:07', 'Weidar', '2023-03-08 09:28:04', 'Dorris');
insert into article (user_id, title, content, hashtag, created_at, created_by, modified_at, modified_by) values ('yessm621', 'Proin risus.', 'Morbi porttitor lorem id ligula. Suspendisse ornare consequat lectus. In est risus, auctor sed, tristique in, tempus sit amet, sem.', null, '2023-04-26 13:36:58', 'Ricoriki', '2022-12-19 22:35:06', 'Tessy');
insert into article (user_id, title, content, hashtag, created_at, created_by, modified_at, modified_by) values ('yessm6212', 'Quisque porta volutpat erat.', 'Maecenas ut massa quis augue luctus tincidunt. Nulla mollis molestie lorem. Quisque ut erat.', '#Maroon', '2022-07-31 19:17:18', 'Rebeka', '2022-12-31 07:36:55', 'Mycah');
insert into article (user_id, title, content, hashtag, created_at, created_by, modified_at, modified_by) values ('yessm6212', 'Nullam sit amet turpis elementum ligula vehicula consequat.', 'Cum sociis natoque penatibus et magnis dis parturient montes, nascetur ridiculus mus. Vivamus vestibulum sagittis sapien. Cum sociis natoque penatibus et magnis dis parturient montes, nascetur ridiculus mus.', '#Green', '2022-07-14 21:34:45', 'Burl', '2022-05-17 04:53:48', 'Marilyn');
insert into article (user_id, title, content, hashtag, created_at, created_by, modified_at, modified_by) values ('yessm6212', 'Vestibulum rutrum rutrum neque.', 'Pellentesque at nulla. Suspendisse potenti. Cras in purus eu magna vulputate luctus.', '#Mauv', '2022-12-02 15:31:23', 'Elia', '2023-01-30 21:09:05', 'Hedda');
insert into article (user_id, title, content, hashtag, created_at, created_by, modified_at, modified_by) values ('yessm6212', 'Nulla nisl.', 'Suspendisse potenti. In eleifend quam a odio. In hac habitasse platea dictumst.', '#Puce', '2023-01-24 06:55:42', 'Meryl', '2023-01-05 12:15:01', 'Yuri');
insert into article (user_id, title, content, hashtag, created_at, created_by, modified_at, modified_by) values ('yessm6212', 'Nulla facilisi.', 'Nullam sit amet turpis elementum ligula vehicula consequat. Morbi a ipsum. Integer a nibh.', '#Purple', '2022-06-30 20:25:09', 'Tonnie', '2022-08-31 16:09:07', 'Giraud');
insert into article (user_id, title, content, hashtag, created_at, created_by, modified_at, modified_by) values ('yessm6212', 'Morbi quis tortor id nulla ultrices aliquet.', 'Maecenas leo odio, condimentum id, luctus nec, molestie sed, justo. Pellentesque viverra pede ac diam. Cras pellentesque volutpat dui.', '#Purple', '2022-07-12 08:01:24', 'Babita', '2022-11-24 04:21:04', 'Freddi');
insert into article (user_id, title, content, hashtag, created_at, created_by, modified_at, modified_by) values ('yessm621', 'Vestibulum rutrum rutrum neque.', 'In hac habitasse platea dictumst. Morbi vestibulum, velit id pretium iaculis, diam erat fermentum justo, nec condimentum neque sapien placerat ante. Nulla justo.', '#Green', '2022-06-22 08:34:21', 'Pyotr', '2022-05-24 18:25:36', 'Clemmy');
insert into article (user_id, title, content, hashtag, created_at, created_by, modified_at, modified_by) values ('yessm6212', 'Aliquam non mauris.', 'Curabitur at ipsum ac tellus semper interdum. Mauris ullamcorper purus sit amet nulla. Quisque arcu libero, rutrum ac, lobortis vel, dapibus at, diam.', '#Turquoise', '2022-07-12 02:04:54', 'Jeralee', '2022-06-08 06:41:38', 'Travus');
insert into article (user_id, title, content, hashtag, created_at, created_by, modified_at, modified_by) values ('yessm6212', 'Ut tellus.', 'In congue. Etiam justo. Etiam pretium iaculis justo.', '#Yellow', '2022-08-09 12:13:52', 'Evangelina', '2022-07-07 20:02:24', 'Karina');
insert into article (user_id, title, content, hashtag, created_at, created_by, modified_at, modified_by) values ('yessm6212', 'Ut tellus.', 'Vestibulum quam sapien, varius ut, blandit non, interdum in, ante. Vestibulum ante ipsum primis in faucibus orci luctus et ultrices posuere cubilia Curae; Duis faucibus accumsan odio. Curabitur convallis.', '#Orange', '2023-03-02 21:52:32', 'Daphna', '2022-08-23 15:10:52', 'Jilly');
insert into article (user_id, title, content, hashtag, created_at, created_by, modified_at, modified_by) values ('yessm621', 'Suspendisse potenti.', 'Quisque porta volutpat erat. Quisque erat eros, viverra eget, congue eget, semper rutrum, nulla. Nunc purus.', '#Green', '2022-09-02 13:52:43', 'Joby', '2022-06-23 07:00:00', 'Conant');
insert into article (user_id, title, content, hashtag, created_at, created_by, modified_at, modified_by) values ('yessm621', 'Quisque arcu libero, rutrum ac, lobortis vel, dapibus at, diam.', 'Praesent blandit. Nam nulla. Integer pede justo, lacinia eget, tincidunt eget, tempus vel, pede.', '#Goldenrod', '2023-01-09 23:39:02', 'Aubrette', '2023-02-06 06:40:53', 'Daisy');
insert into article (user_id, title, content, hashtag, created_at, created_by, modified_at, modified_by) values ('yessm621', 'Duis aliquam convallis nunc.', 'Lorem ipsum dolor sit amet, consectetuer adipiscing elit. Proin risus. Praesent lectus.', null, '2023-04-23 11:32:53', 'Torin', '2022-12-29 00:50:32', 'Web');
insert into article (user_id, title, content, hashtag, created_at, created_by, modified_at, modified_by) values ('yessm621', 'Etiam faucibus cursus urna.', 'Vestibulum ac est lacinia nisi venenatis tristique. Fusce congue, diam id ornare imperdiet, sapien urna pretium nisl, ut volutpat sapien arcu sed augue. Aliquam erat volutpat.', '#Blue', '2023-03-15 00:08:19', 'Clementia', '2022-09-20 05:35:37', 'Giff');
insert into article (user_id, title, content, hashtag, created_at, created_by, modified_at, modified_by) values ('yessm6212', 'Maecenas ut massa quis augue luctus tincidunt.', 'Integer tincidunt ante vel ipsum. Praesent blandit lacinia erat. Vestibulum sed magna at nunc commodo placerat.', '#Blue', '2023-03-22 04:48:08', 'Dylan', '2022-12-24 06:32:38', 'Natalee');
insert into article (user_id, title, content, hashtag, created_at, created_by, modified_at, modified_by) values ('yessm621', 'Duis mattis egestas metus.', 'Duis aliquam convallis nunc. Proin at turpis a pede posuere nonummy. Integer non velit.', '#Aquamarine', '2023-02-14 06:41:12', 'Terza', '2023-01-30 04:50:02', 'Marietta');
insert into article (user_id, title, content, hashtag, created_at, created_by, modified_at, modified_by) values ('yessm6212', 'Aliquam non mauris.', 'Aenean lectus. Pellentesque eget nunc. Donec quis orci eget orci vehicula condimentum.', '#Khaki', '2022-12-12 20:38:45', 'Evered', '2023-02-04 23:03:07', 'Ardeen');
insert into article (user_id, title, content, hashtag, created_at, created_by, modified_at, modified_by) values ('yessm621', 'Aenean lectus.', 'Praesent id massa id nisl venenatis lacinia. Aenean sit amet justo. Morbi ut odio.', null, '2022-11-06 12:11:57', 'Mei', '2023-04-16 20:03:03', 'Reyna');
insert into article (user_id, title, content, hashtag, created_at, created_by, modified_at, modified_by) values ('yessm621', 'Maecenas tristique, est et tempus semper, est quam pharetra magna, ac consequat metus sapien ut nunc.', 'In congue. Etiam justo. Etiam pretium iaculis justo.', '#Indigo', '2023-02-15 08:18:32', 'Saw', '2022-08-01 17:42:52', 'Franky');
insert into article (user_id, title, content, hashtag, created_at, created_by, modified_at, modified_by) values ('yessm621', 'Phasellus in felis.', 'Morbi non lectus. Aliquam sit amet diam in magna bibendum imperdiet. Nullam orci pede, venenatis non, sodales sed, tincidunt eu, felis.', '#Pink', '2022-06-18 05:39:36', 'Pablo', '2023-02-14 05:02:12', 'Brana');


-- 게시글 댓글
insert into article_comment (user_id, article_id, content, created_at, created_by, modified_at, modified_by) values ('yessm621', 12, 'Duis bibendum, felis sed interdum venenatis, turpis enim blandit mi, in porttitor pede justo eu massa. Donec dapibus. Duis at velit eu est congue elementum.', '2023-04-09 19:30:16', 'Gordy', '2022-11-25 18:56:47', 'Rora');
insert into article_comment (user_id, article_id, content, created_at, created_by, modified_at, modified_by) values ('yessm621', 91, 'Etiam vel augue. Vestibulum rutrum rutrum neque. Aenean auctor gravida sem.', '2022-07-17 10:08:54', 'Zara', '2022-11-05 04:42:27', 'Bradley');
insert into article_comment (user_id, article_id, content, created_at, created_by, modified_at, modified_by) values ('yessm621', 14, 'Duis consequat dui nec nisi volutpat eleifend. Donec ut dolor. Morbi vel lectus in quam fringilla rhoncus.', '2022-08-11 16:11:20', 'Spike', '2022-10-05 07:49:53', 'Stanford');
insert into article_comment (user_id, article_id, content, created_at, created_by, modified_at, modified_by) values ('yessm621', 58, 'Duis bibendum. Morbi non quam nec dui luctus rutrum. Nulla tellus.', '2022-08-25 18:13:57', 'Hilary', '2023-02-15 19:20:58', 'Orly');
insert into article_comment (user_id, article_id, content, created_at, created_by, modified_at, modified_by) values ('yessm621', 75, 'Mauris enim leo, rhoncus sed, vestibulum sit amet, cursus id, turpis. Integer aliquet, massa id lobortis convallis, tortor risus dapibus augue, vel accumsan tellus nisi eu orci. Mauris lacinia sapien quis libero.', '2022-08-12 16:36:18', 'Cymbre', '2022-12-18 22:02:22', 'Rahal');
insert into article_comment (user_id, article_id, content, created_at, created_by, modified_at, modified_by) values ('yessm621', 49, 'Maecenas tristique, est et tempus semper, est quam pharetra magna, ac consequat metus sapien ut nunc. Vestibulum ante ipsum primis in faucibus orci luctus et ultrices posuere cubilia Curae; Mauris viverra diam vitae quam. Suspendisse potenti.', '2022-07-27 02:28:04', 'Sylvester', '2022-09-26 11:44:21', 'Krishna');
insert into article_comment (user_id, article_id, content, created_at, created_by, modified_at, modified_by) values ('yessm621', 13, 'Fusce posuere felis sed lacus. Morbi sem mauris, laoreet ut, rhoncus aliquet, pulvinar sed, nisl. Nunc rhoncus dui vel sem.', '2022-07-26 03:38:09', 'Bernard', '2022-11-28 13:45:40', 'Nicola');
insert into article_comment (user_id, article_id, content, created_at, created_by, modified_at, modified_by) values ('yessm621', 86, 'Etiam vel augue. Vestibulum rutrum rutrum neque. Aenean auctor gravida sem.', '2023-01-27 19:08:47', 'Morena', '2022-06-10 00:59:19', 'Glen');
insert into article_comment (user_id, article_id, content, created_at, created_by, modified_at, modified_by) values ('yessm621', 45, 'Curabitur in libero ut massa volutpat convallis. Morbi odio odio, elementum eu, interdum eu, tincidunt in, leo. Maecenas pulvinar lobortis est.', '2023-02-03 11:10:32', 'Meyer', '2023-03-07 05:57:26', 'Leesa');
insert into article_comment (user_id, article_id, content, created_at, created_by, modified_at, modified_by) values ('yessm621', 86, 'Morbi porttitor lorem id ligula. Suspendisse ornare consequat lectus. In est risus, auctor sed, tristique in, tempus sit amet, sem.', '2023-02-20 01:17:46', 'Angelita', '2023-04-27 14:12:26', 'Tracie');
insert into article_comment (user_id, article_id, content, created_at, created_by, modified_at, modified_by) values ('yessm621', 33, 'Mauris enim leo, rhoncus sed, vestibulum sit amet, cursus id, turpis. Integer aliquet, massa id lobortis convallis, tortor risus dapibus augue, vel accumsan tellus nisi eu orci. Mauris lacinia sapien quis libero.', '2023-03-12 10:52:12', 'Trstram', '2022-10-02 11:05:37', 'Lazaro');
insert into article_comment (user_id, article_id, content, created_at, created_by, modified_at, modified_by) values ('yessm6212', 79, 'Nulla ut erat id mauris vulputate elementum. Nullam varius. Nulla facilisi.', '2022-08-21 19:56:43', 'Leta', '2022-08-01 15:22:25', 'Iseabal');
insert into article_comment (user_id, article_id, content, created_at, created_by, modified_at, modified_by) values ('yessm6212', 26, 'In hac habitasse platea dictumst. Etiam faucibus cursus urna. Ut tellus.', '2023-01-22 18:01:45', 'Nana', '2022-11-27 02:00:23', 'Lucita');
insert into article_comment (user_id, article_id, content, created_at, created_by, modified_at, modified_by) values ('yessm6212', 16, 'Duis aliquam convallis nunc. Proin at turpis a pede posuere nonummy. Integer non velit.', '2022-11-14 08:05:17', 'Ronna', '2023-02-28 22:31:17', 'Lilla');
insert into article_comment (user_id, article_id, content, created_at, created_by, modified_at, modified_by) values ('yessm6212', 21, 'Duis aliquam convallis nunc. Proin at turpis a pede posuere nonummy. Integer non velit.', '2022-09-14 08:38:11', 'Vincents', '2022-07-26 09:25:15', 'Renado');
insert into article_comment (user_id, article_id, content, created_at, created_by, modified_at, modified_by) values ('yessm6212', 21, 'Phasellus in felis. Donec semper sapien a libero. Nam dui.', '2022-12-30 06:48:02', 'Ravi', '2023-02-05 13:19:43', 'Aubine');
insert into article_comment (user_id, article_id, content, created_at, created_by, modified_at, modified_by) values ('yessm6212', 25, 'Lorem ipsum dolor sit amet, consectetuer adipiscing elit. Proin risus. Praesent lectus.', '2023-01-07 05:33:17', 'Brynn', '2022-06-08 16:30:08', 'Orsola');
insert into article_comment (user_id, article_id, content, created_at, created_by, modified_at, modified_by) values ('yessm6212', 80, 'Duis aliquam convallis nunc. Proin at turpis a pede posuere nonummy. Integer non velit.', '2022-08-21 14:17:36', 'Bale', '2023-01-25 11:04:18', 'Frederich');
insert into article_comment (user_id, article_id, content, created_at, created_by, modified_at, modified_by) values ('yessm6212', 18, 'Aenean fermentum. Donec ut mauris eget massa tempor convallis. Nulla neque libero, convallis eget, eleifend luctus, ultricies eu, nibh.', '2023-03-12 18:21:07', 'Bertina', '2023-04-21 10:50:42', 'Rozina');
insert into article_comment (user_id, article_id, content, created_at, created_by, modified_at, modified_by) values ('yessm6212', 88, 'Curabitur at ipsum ac tellus semper interdum. Mauris ullamcorper purus sit amet nulla. Quisque arcu libero, rutrum ac, lobortis vel, dapibus at, diam.', '2022-09-05 12:40:47', 'Tabbi', '2022-08-17 13:15:45', 'Gretal');
insert into article_comment (user_id, article_id, content, created_at, created_by, modified_at, modified_by) values ('yessm6212', 61, 'Maecenas leo odio, condimentum id, luctus nec, molestie sed, justo. Pellentesque viverra pede ac diam. Cras pellentesque volutpat dui.', '2022-04-29 03:42:59', 'Mersey', '2023-04-26 02:20:46', 'Baron');
insert into article_comment (user_id, article_id, content, created_at, created_by, modified_at, modified_by) values ('yessm6212', 70, 'Maecenas ut massa quis augue luctus tincidunt. Nulla mollis molestie lorem. Quisque ut erat.', '2023-02-28 04:46:25', 'Ramsay', '2022-11-14 06:38:22', 'Melody');
insert into article_comment (user_id, article_id, content, created_at, created_by, modified_at, modified_by) values ('yessm6212', 72, 'Mauris enim leo, rhoncus sed, vestibulum sit amet, cursus id, turpis. Integer aliquet, massa id lobortis convallis, tortor risus dapibus augue, vel accumsan tellus nisi eu orci. Mauris lacinia sapien quis libero.', '2023-03-26 18:50:29', 'Drusy', '2022-07-22 18:26:38', 'Garvin');
insert into article_comment (user_id, article_id, content, created_at, created_by, modified_at, modified_by) values ('yessm6212', 37, 'Pellentesque at nulla. Suspendisse potenti. Cras in purus eu magna vulputate luctus.', '2022-05-21 03:29:49', 'Beverie', '2022-06-18 01:53:41', 'Meir');
insert into article_comment (user_id, article_id, content, created_at, created_by, modified_at, modified_by) values ('yessm6212', 87, 'Phasellus in felis. Donec semper sapien a libero. Nam dui.', '2023-04-07 05:13:56', 'Silvester', '2023-02-28 10:26:22', 'Aldon');
insert into article_comment (user_id, article_id, content, created_at, created_by, modified_at, modified_by) values ('yessm6212', 92, 'Cras non velit nec nisi vulputate nonummy. Maecenas tincidunt lacus at velit. Vivamus vel nulla eget eros elementum pellentesque.', '2023-03-11 17:09:41', 'Angelle', '2022-10-03 12:44:31', 'Laurena');
insert into article_comment (user_id, article_id, content, created_at, created_by, modified_at, modified_by) values ('yessm6212', 25, 'Aenean lectus. Pellentesque eget nunc. Donec quis orci eget orci vehicula condimentum.', '2022-12-20 13:58:17', 'Raphael', '2022-10-11 18:07:50', 'Fayth');
insert into article_comment (user_id, article_id, content, created_at, created_by, modified_at, modified_by) values ('yessm6212', 8, 'Integer ac leo. Pellentesque ultrices mattis odio. Donec vitae nisi.', '2022-06-24 05:02:46', 'Lothaire', '2022-12-02 13:27:07', 'Nariko');
insert into article_comment (user_id, article_id, content, created_at, created_by, modified_at, modified_by) values ('yessm6212', 42, 'Duis consequat dui nec nisi volutpat eleifend. Donec ut dolor. Morbi vel lectus in quam fringilla rhoncus.', '2023-01-06 20:51:35', 'Sharla', '2022-07-30 08:50:18', 'Lem');
insert into article_comment (user_id, article_id, content, created_at, created_by, modified_at, modified_by) values ('yessm6212', 32, 'Mauris enim leo, rhoncus sed, vestibulum sit amet, cursus id, turpis. Integer aliquet, massa id lobortis convallis, tortor risus dapibus augue, vel accumsan tellus nisi eu orci. Mauris lacinia sapien quis libero.', '2022-06-24 07:48:03', 'Harriot', '2022-08-07 17:50:21', 'Mab');
insert into article_comment (user_id, article_id, content, created_at, created_by, modified_at, modified_by) values ('yessm6212', 7, 'Nam ultrices, libero non mattis pulvinar, nulla pede ullamcorper augue, a suscipit nulla elit ac nulla. Sed vel enim sit amet nunc viverra dapibus. Nulla suscipit ligula in lacus.', '2022-10-20 22:26:52', 'Brody', '2022-09-04 05:34:40', 'Ikey');
insert into article_comment (user_id, article_id, content, created_at, created_by, modified_at, modified_by) values ('yessm6212', 90, 'Cras mi pede, malesuada in, imperdiet et, commodo vulputate, justo. In blandit ultrices enim. Lorem ipsum dolor sit amet, consectetuer adipiscing elit.', '2022-06-17 08:00:09', 'Tatum', '2023-02-16 15:13:10', 'Martino');
insert into article_comment (user_id, article_id, content, created_at, created_by, modified_at, modified_by) values ('yessm6212', 99, 'Integer ac leo. Pellentesque ultrices mattis odio. Donec vitae nisi.', '2023-02-17 14:06:27', 'Rici', '2022-11-05 07:30:17', 'Vivian');
insert into article_comment (user_id, article_id, content, created_at, created_by, modified_at, modified_by) values ('yessm6212', 46, 'Quisque id justo sit amet sapien dignissim vestibulum. Vestibulum ante ipsum primis in faucibus orci luctus et ultrices posuere cubilia Curae; Nulla dapibus dolor vel est. Donec odio justo, sollicitudin ut, suscipit a, feugiat et, eros.', '2023-04-23 12:23:07', 'Jemmy', '2022-08-24 22:24:41', 'Horten');
insert into article_comment (user_id, article_id, content, created_at, created_by, modified_at, modified_by) values ('yessm6212', 20, 'Nulla ut erat id mauris vulputate elementum. Nullam varius. Nulla facilisi.', '2022-07-08 01:25:28', 'Bobbie', '2022-06-30 11:33:16', 'Ilyse');
insert into article_comment (user_id, article_id, content, created_at, created_by, modified_at, modified_by) values ('yessm6212', 53, 'In hac habitasse platea dictumst. Etiam faucibus cursus urna. Ut tellus.', '2023-01-27 00:32:54', 'Christine', '2022-11-13 21:04:10', 'Florrie');
insert into article_comment (user_id, article_id, content, created_at, created_by, modified_at, modified_by) values ('yessm6212', 55, 'Maecenas ut massa quis augue luctus tincidunt. Nulla mollis molestie lorem. Quisque ut erat.', '2022-09-24 12:50:24', 'Biddy', '2022-09-18 15:48:03', 'Stanford');
insert into article_comment (user_id, article_id, content, created_at, created_by, modified_at, modified_by) values ('yessm6212', 29, 'Sed sagittis. Nam congue, risus semper porta volutpat, quam pede lobortis ligula, sit amet eleifend pede libero quis orci. Nullam molestie nibh in lectus.', '2022-09-22 22:45:13', 'Pierce', '2022-10-17 05:39:24', 'Mead');
insert into article_comment (user_id, article_id, content, created_at, created_by, modified_at, modified_by) values ('yessm6212', 66, 'In congue. Etiam justo. Etiam pretium iaculis justo.', '2022-07-15 21:15:15', 'Bryn', '2022-06-03 20:24:20', 'Lyndy');
insert into article_comment (user_id, article_id, content, created_at, created_by, modified_at, modified_by) values ('yessm6212', 41, 'Duis consequat dui nec nisi volutpat eleifend. Donec ut dolor. Morbi vel lectus in quam fringilla rhoncus.', '2022-12-31 03:23:59', 'Cass', '2023-03-26 18:05:07', 'Alejoa');
insert into article_comment (user_id, article_id, content, created_at, created_by, modified_at, modified_by) values ('yessm6212', 24, 'Cras mi pede, malesuada in, imperdiet et, commodo vulputate, justo. In blandit ultrices enim. Lorem ipsum dolor sit amet, consectetuer adipiscing elit.', '2023-03-16 20:14:58', 'Polly', '2022-05-17 11:06:38', 'Ive');
insert into article_comment (user_id, article_id, content, created_at, created_by, modified_at, modified_by) values ('yessm6212', 67, 'Curabitur in libero ut massa volutpat convallis. Morbi odio odio, elementum eu, interdum eu, tincidunt in, leo. Maecenas pulvinar lobortis est.', '2022-11-03 17:03:52', 'Gasper', '2022-11-13 14:15:40', 'Normy');
insert into article_comment (user_id, article_id, content, created_at, created_by, modified_at, modified_by) values ('yessm6212', 2, 'Curabitur gravida nisi at nibh. In hac habitasse platea dictumst. Aliquam augue quam, sollicitudin vitae, consectetuer eget, rutrum at, lorem.', '2023-04-06 09:58:33', 'Jamill', '2022-10-05 22:07:12', 'Mavis');
insert into article_comment (user_id, article_id, content, created_at, created_by, modified_at, modified_by) values ('yessm6212', 87, 'Quisque porta volutpat erat. Quisque erat eros, viverra eget, congue eget, semper rutrum, nulla. Nunc purus.', '2022-06-07 13:51:14', 'Charmian', '2022-05-30 05:06:22', 'Joann');
insert into article_comment (user_id, article_id, content, created_at, created_by, modified_at, modified_by) values ('yessm6212', 93, 'Pellentesque at nulla. Suspendisse potenti. Cras in purus eu magna vulputate luctus.', '2022-05-13 15:38:27', 'Louise', '2023-03-05 07:15:49', 'Neila');
insert into article_comment (user_id, article_id, content, created_at, created_by, modified_at, modified_by) values ('yessm6212', 99, 'Aenean lectus. Pellentesque eget nunc. Donec quis orci eget orci vehicula condimentum.', '2023-02-04 18:25:06', 'Phineas', '2022-12-26 12:53:35', 'Frants');
insert into article_comment (user_id, article_id, content, created_at, created_by, modified_at, modified_by) values ('yessm6212', 44, 'Proin leo odio, porttitor id, consequat in, consequat ut, nulla. Sed accumsan felis. Ut at dolor quis odio consequat varius.', '2023-01-25 22:06:55', 'Charles', '2022-11-26 10:40:27', 'Mohandis');
insert into article_comment (user_id, article_id, content, created_at, created_by, modified_at, modified_by) values ('yessm6212', 3, 'Proin interdum mauris non ligula pellentesque ultrices. Phasellus id sapien in sapien iaculis congue. Vivamus metus arcu, adipiscing molestie, hendrerit at, vulputate vitae, nisl.', '2022-08-14 09:17:45', 'Patricio', '2022-06-01 17:21:20', 'Carola');
insert into article_comment (user_id, article_id, content, created_at, created_by, modified_at, modified_by) values ('yessm6212', 13, 'Nullam porttitor lacus at turpis. Donec posuere metus vitae ipsum. Aliquam non mauris.', '2022-11-30 23:34:11', 'Urbano', '2022-10-20 01:22:02', 'Hatti');
insert into article_comment (user_id, article_id, content, created_at, created_by, modified_at, modified_by) values ('yessm6212', 100, 'Fusce consequat. Nulla nisl. Nunc nisl.', '2023-01-07 15:33:34', 'Nancey', '2022-08-27 07:02:06', 'Nancee');
insert into article_comment (user_id, article_id, content, created_at, created_by, modified_at, modified_by) values ('yessm6212', 95, 'Mauris enim leo, rhoncus sed, vestibulum sit amet, cursus id, turpis. Integer aliquet, massa id lobortis convallis, tortor risus dapibus augue, vel accumsan tellus nisi eu orci. Mauris lacinia sapien quis libero.', '2022-06-12 08:31:58', 'Cassondra', '2022-09-27 03:23:10', 'Marcille');
insert into article_comment (user_id, article_id, content, created_at, created_by, modified_at, modified_by) values ('yessm6212', 17, 'Aenean fermentum. Donec ut mauris eget massa tempor convallis. Nulla neque libero, convallis eget, eleifend luctus, ultricies eu, nibh.', '2022-06-27 00:08:54', 'Rafaellle', '2022-05-28 04:01:32', 'Shelbi');
insert into article_comment (user_id, article_id, content, created_at, created_by, modified_at, modified_by) values ('yessm6212', 71, 'Sed sagittis. Nam congue, risus semper porta volutpat, quam pede lobortis ligula, sit amet eleifend pede libero quis orci. Nullam molestie nibh in lectus.', '2022-10-25 01:02:17', 'Killy', '2022-11-15 02:58:43', 'Weider');
insert into article_comment (user_id, article_id, content, created_at, created_by, modified_at, modified_by) values ('yessm6212', 69, 'Maecenas tristique, est et tempus semper, est quam pharetra magna, ac consequat metus sapien ut nunc. Vestibulum ante ipsum primis in faucibus orci luctus et ultrices posuere cubilia Curae; Mauris viverra diam vitae quam. Suspendisse potenti.', '2022-11-22 15:14:47', 'Bibbye', '2022-09-28 02:28:04', 'Cullie');
insert into article_comment (user_id, article_id, content, created_at, created_by, modified_at, modified_by) values ('yessm6212', 29, 'Fusce consequat. Nulla nisl. Nunc nisl.', '2022-10-27 10:39:24', 'Reinaldo', '2022-05-24 13:20:19', 'Fionna');
insert into article_comment (user_id, article_id, content, created_at, created_by, modified_at, modified_by) values ('yessm6212', 97, 'Integer tincidunt ante vel ipsum. Praesent blandit lacinia erat. Vestibulum sed magna at nunc commodo placerat.', '2023-03-08 10:54:02', 'Brianne', '2023-01-19 01:00:58', 'Juditha');
insert into article_comment (user_id, article_id, content, created_at, created_by, modified_at, modified_by) values ('yessm6212', 82, 'In quis justo. Maecenas rhoncus aliquam lacus. Morbi quis tortor id nulla ultrices aliquet.', '2022-12-09 20:35:30', 'Celesta', '2022-10-03 01:10:47', 'Cynthia');
insert into article_comment (user_id, article_id, content, created_at, created_by, modified_at, modified_by) values ('yessm6212', 64, 'Maecenas ut massa quis augue luctus tincidunt. Nulla mollis molestie lorem. Quisque ut erat.', '2023-01-26 09:17:42', 'Francene', '2022-05-13 22:57:25', 'Nisse');
insert into article_comment (user_id, article_id, content, created_at, created_by, modified_at, modified_by) values ('yessm6212', 42, 'Phasellus in felis. Donec semper sapien a libero. Nam dui.', '2022-12-05 20:18:21', 'Nicola', '2022-10-19 14:41:31', 'Arlana');
insert into article_comment (user_id, article_id, content, created_at, created_by, modified_at, modified_by) values ('yessm6212', 59, 'In sagittis dui vel nisl. Duis ac nibh. Fusce lacus purus, aliquet at, feugiat non, pretium quis, lectus.', '2022-12-19 19:28:03', 'Glenn', '2023-03-24 10:32:46', 'Karney');
insert into article_comment (user_id, article_id, content, created_at, created_by, modified_at, modified_by) values ('yessm6212', 99, 'Duis consequat dui nec nisi volutpat eleifend. Donec ut dolor. Morbi vel lectus in quam fringilla rhoncus.', '2022-05-12 07:28:47', 'Lezley', '2023-01-03 06:55:28', 'Win');
insert into article_comment (user_id, article_id, content, created_at, created_by, modified_at, modified_by) values ('yessm6212', 70, 'Maecenas leo odio, condimentum id, luctus nec, molestie sed, justo. Pellentesque viverra pede ac diam. Cras pellentesque volutpat dui.', '2023-04-19 16:55:02', 'Adrienne', '2023-01-14 23:27:54', 'Hale');
insert into article_comment (user_id, article_id, content, created_at, created_by, modified_at, modified_by) values ('yessm6212', 100, 'Sed sagittis. Nam congue, risus semper porta volutpat, quam pede lobortis ligula, sit amet eleifend pede libero quis orci. Nullam molestie nibh in lectus.', '2023-03-30 18:58:54', 'Collen', '2022-09-27 04:36:22', 'Myles');
insert into article_comment (user_id, article_id, content, created_at, created_by, modified_at, modified_by) values ('yessm6212', 5, 'Nam ultrices, libero non mattis pulvinar, nulla pede ullamcorper augue, a suscipit nulla elit ac nulla. Sed vel enim sit amet nunc viverra dapibus. Nulla suscipit ligula in lacus.', '2023-04-12 11:58:27', 'Hallsy', '2022-07-24 19:41:09', 'Eustace');
insert into article_comment (user_id, article_id, content, created_at, created_by, modified_at, modified_by) values ('yessm6212', 20, 'Maecenas tristique, est et tempus semper, est quam pharetra magna, ac consequat metus sapien ut nunc. Vestibulum ante ipsum primis in faucibus orci luctus et ultrices posuere cubilia Curae; Mauris viverra diam vitae quam. Suspendisse potenti.', '2023-03-12 16:45:13', 'Lisetta', '2023-03-01 11:23:51', 'Melina');
insert into article_comment (user_id, article_id, content, created_at, created_by, modified_at, modified_by) values ('yessm6212', 24, 'In hac habitasse platea dictumst. Etiam faucibus cursus urna. Ut tellus.', '2023-01-04 04:50:19', 'Dorothy', '2022-09-23 00:48:59', 'Mitchel');
insert into article_comment (user_id, article_id, content, created_at, created_by, modified_at, modified_by) values ('yessm6212', 38, 'Vestibulum quam sapien, varius ut, blandit non, interdum in, ante. Vestibulum ante ipsum primis in faucibus orci luctus et ultrices posuere cubilia Curae; Duis faucibus accumsan odio. Curabitur convallis.', '2023-01-08 21:43:05', 'Stephi', '2022-10-29 17:04:08', 'Sidonnie');
insert into article_comment (user_id, article_id, content, created_at, created_by, modified_at, modified_by) values ('yessm6212', 82, 'Duis bibendum, felis sed interdum venenatis, turpis enim blandit mi, in porttitor pede justo eu massa. Donec dapibus. Duis at velit eu est congue elementum.', '2023-03-11 06:32:50', 'Dacia', '2022-04-29 21:28:02', 'Jenelle');
insert into article_comment (user_id, article_id, content, created_at, created_by, modified_at, modified_by) values ('yessm6212', 32, 'Duis consequat dui nec nisi volutpat eleifend. Donec ut dolor. Morbi vel lectus in quam fringilla rhoncus.', '2023-01-05 03:10:12', 'Maisey', '2023-04-22 16:57:53', 'Bibbie');
insert into article_comment (user_id, article_id, content, created_at, created_by, modified_at, modified_by) values ('yessm6212', 28, 'Praesent id massa id nisl venenatis lacinia. Aenean sit amet justo. Morbi ut odio.', '2023-04-27 13:52:48', 'Beatrisa', '2023-01-21 02:50:30', 'Stanly');
insert into article_comment (user_id, article_id, content, created_at, created_by, modified_at, modified_by) values ('yessm6212', 80, 'Vestibulum ac est lacinia nisi venenatis tristique. Fusce congue, diam id ornare imperdiet, sapien urna pretium nisl, ut volutpat sapien arcu sed augue. Aliquam erat volutpat.', '2022-08-30 03:57:32', 'Roxana', '2023-01-15 05:57:10', 'Cortney');
insert into article_comment (user_id, article_id, content, created_at, created_by, modified_at, modified_by) values ('yessm6212', 99, 'Aenean lectus. Pellentesque eget nunc. Donec quis orci eget orci vehicula condimentum.', '2022-12-13 15:49:25', 'Alic', '2023-03-05 21:44:54', 'Francklin');
insert into article_comment (user_id, article_id, content, created_at, created_by, modified_at, modified_by) values ('yessm6212', 73, 'In hac habitasse platea dictumst. Morbi vestibulum, velit id pretium iaculis, diam erat fermentum justo, nec condimentum neque sapien placerat ante. Nulla justo.', '2023-02-13 00:46:59', 'Heindrick', '2023-04-12 05:20:59', 'Tyler');
insert into article_comment (user_id, article_id, content, created_at, created_by, modified_at, modified_by) values ('yessm6212', 39, 'Phasellus in felis. Donec semper sapien a libero. Nam dui.', '2023-03-11 02:22:55', 'Rodrigo', '2023-02-11 03:59:55', 'Sissy');
insert into article_comment (user_id, article_id, content, created_at, created_by, modified_at, modified_by) values ('yessm6212', 62, 'Praesent id massa id nisl venenatis lacinia. Aenean sit amet justo. Morbi ut odio.', '2022-11-02 12:02:55', 'Dominique', '2022-11-25 13:35:06', 'Halley');
insert into article_comment (user_id, article_id, content, created_at, created_by, modified_at, modified_by) values ('yessm6212', 92, 'Nulla ut erat id mauris vulputate elementum. Nullam varius. Nulla facilisi.', '2022-05-30 01:07:28', 'Gussy', '2022-10-26 12:27:47', 'Perry');
insert into article_comment (user_id, article_id, content, created_at, created_by, modified_at, modified_by) values ('yessm6212', 20, 'In hac habitasse platea dictumst. Morbi vestibulum, velit id pretium iaculis, diam erat fermentum justo, nec condimentum neque sapien placerat ante. Nulla justo.', '2022-09-06 04:29:03', 'Parke', '2022-06-23 12:25:59', 'Foster');
insert into article_comment (user_id, article_id, content, created_at, created_by, modified_at, modified_by) values ('yessm6212', 45, 'Proin leo odio, porttitor id, consequat in, consequat ut, nulla. Sed accumsan felis. Ut at dolor quis odio consequat varius.', '2022-10-25 14:21:49', 'Rodge', '2022-08-18 10:20:52', 'Daryl');
insert into article_comment (user_id, article_id, content, created_at, created_by, modified_at, modified_by) values ('yessm6212', 8, 'In hac habitasse platea dictumst. Etiam faucibus cursus urna. Ut tellus.', '2023-03-12 20:33:48', 'Irv', '2022-06-28 15:54:41', 'Scot');
insert into article_comment (user_id, article_id, content, created_at, created_by, modified_at, modified_by) values ('yessm6212', 61, 'Fusce posuere felis sed lacus. Morbi sem mauris, laoreet ut, rhoncus aliquet, pulvinar sed, nisl. Nunc rhoncus dui vel sem.', '2022-09-17 22:29:43', 'Regen', '2023-01-15 16:08:55', 'Rea');
insert into article_comment (user_id, article_id, content, created_at, created_by, modified_at, modified_by) values ('yessm6212', 17, 'Pellentesque at nulla. Suspendisse potenti. Cras in purus eu magna vulputate luctus.', '2023-02-18 20:33:21', 'Sherlock', '2023-04-17 14:16:38', 'Mickey');
insert into article_comment (user_id, article_id, content, created_at, created_by, modified_at, modified_by) values ('yessm6212', 60, 'Aenean lectus. Pellentesque eget nunc. Donec quis orci eget orci vehicula condimentum.', '2023-03-19 02:12:26', 'Alyce', '2022-06-18 06:19:29', 'Penny');
insert into article_comment (user_id, article_id, content, created_at, created_by, modified_at, modified_by) values ('yessm6212', 46, 'Proin eu mi. Nulla ac enim. In tempor, turpis nec euismod scelerisque, quam turpis adipiscing lorem, vitae mattis nibh ligula nec sem.', '2022-05-11 22:52:20', 'Emmey', '2022-11-18 03:52:23', 'Gus');
insert into article_comment (user_id, article_id, content, created_at, created_by, modified_at, modified_by) values ('yessm6212', 21, 'In hac habitasse platea dictumst. Etiam faucibus cursus urna. Ut tellus.', '2022-07-23 01:05:53', 'Jozef', '2023-01-13 16:01:27', 'Man');
insert into article_comment (user_id, article_id, content, created_at, created_by, modified_at, modified_by) values ('yessm6212', 7, 'Maecenas tristique, est et tempus semper, est quam pharetra magna, ac consequat metus sapien ut nunc. Vestibulum ante ipsum primis in faucibus orci luctus et ultrices posuere cubilia Curae; Mauris viverra diam vitae quam. Suspendisse potenti.', '2023-03-17 03:38:41', 'Hillery', '2022-06-13 09:25:08', 'Lanie');
insert into article_comment (user_id, article_id, content, created_at, created_by, modified_at, modified_by) values ('yessm6212', 40, 'Duis aliquam convallis nunc. Proin at turpis a pede posuere nonummy. Integer non velit.', '2023-02-26 21:10:30', 'Woody', '2023-02-21 00:10:17', 'Bevon');
insert into article_comment (user_id, article_id, content, created_at, created_by, modified_at, modified_by) values ('yessm6212', 67, 'Morbi non lectus. Aliquam sit amet diam in magna bibendum imperdiet. Nullam orci pede, venenatis non, sodales sed, tincidunt eu, felis.', '2022-06-10 02:11:41', 'Katha', '2022-12-15 14:00:46', 'Englebert');
insert into article_comment (user_id, article_id, content, created_at, created_by, modified_at, modified_by) values ('yessm6212', 40, 'Phasellus in felis. Donec semper sapien a libero. Nam dui.', '2022-11-29 08:32:16', 'Geralda', '2022-06-11 07:53:44', 'Reinhard');
insert into article_comment (user_id, article_id, content, created_at, created_by, modified_at, modified_by) values ('yessm6212', 40, 'Lorem ipsum dolor sit amet, consectetuer adipiscing elit. Proin risus. Praesent lectus.', '2023-01-13 14:42:27', 'Emmalee', '2023-03-24 23:21:35', 'Raimundo');
insert into article_comment (user_id, article_id, content, created_at, created_by, modified_at, modified_by) values ('yessm6212', 9, 'Nullam porttitor lacus at turpis. Donec posuere metus vitae ipsum. Aliquam non mauris.', '2023-04-10 18:04:20', 'Pavia', '2022-08-08 05:50:24', 'Bernadina');
insert into article_comment (user_id, article_id, content, created_at, created_by, modified_at, modified_by) values ('yessm6212', 29, 'Duis consequat dui nec nisi volutpat eleifend. Donec ut dolor. Morbi vel lectus in quam fringilla rhoncus.', '2022-11-14 04:12:56', 'Stefa', '2022-09-11 14:48:59', 'Waly');
insert into article_comment (user_id, article_id, content, created_at, created_by, modified_at, modified_by) values ('yessm6212', 36, 'Quisque porta volutpat erat. Quisque erat eros, viverra eget, congue eget, semper rutrum, nulla. Nunc purus.', '2022-11-15 00:52:32', 'Gabriel', '2022-10-21 23:29:35', 'Vania');
insert into article_comment (user_id, article_id, content, created_at, created_by, modified_at, modified_by) values ('yessm6212', 8, 'In hac habitasse platea dictumst. Etiam faucibus cursus urna. Ut tellus.', '2022-09-21 11:19:42', 'Sharity', '2022-07-23 05:20:55', 'Millard');
insert into article_comment (user_id, article_id, content, created_at, created_by, modified_at, modified_by) values ('yessm6212', 29, 'Sed ante. Vivamus tortor. Duis mattis egestas metus.', '2022-11-15 03:37:21', 'Thomasine', '2022-09-06 15:22:53', 'Gabie');
insert into article_comment (user_id, article_id, content, created_at, created_by, modified_at, modified_by) values ('yessm6212', 4, 'Fusce consequat. Nulla nisl. Nunc nisl.', '2022-10-06 00:24:06', 'Kaitlin', '2022-09-06 03:08:11', 'Greta');
insert into article_comment (user_id, article_id, content, created_at, created_by, modified_at, modified_by) values ('yessm6212', 52, 'Nulla ut erat id mauris vulputate elementum. Nullam varius. Nulla facilisi.', '2022-08-06 00:18:39', 'Steward', '2023-03-15 18:01:17', 'Drugi');
insert into article_comment (user_id, article_id, content, created_at, created_by, modified_at, modified_by) values ('yessm6212', 4, 'Sed sagittis. Nam congue, risus semper porta volutpat, quam pede lobortis ligula, sit amet eleifend pede libero quis orci. Nullam molestie nibh in lectus.', '2022-09-14 11:43:41', 'Abbe', '2022-09-16 07:53:35', 'Carmine');
insert into article_comment (user_id, article_id, content, created_at, created_by, modified_at, modified_by) values ('yessm6212', 17, 'Sed ante. Vivamus tortor. Duis mattis egestas metus.', '2022-05-24 08:31:35', 'Ronny', '2022-10-26 02:10:58', 'Gunner');
insert into article_comment (user_id, article_id, content, created_at, created_by, modified_at, modified_by) values ('yessm6212', 43, 'In hac habitasse platea dictumst. Morbi vestibulum, velit id pretium iaculis, diam erat fermentum justo, nec condimentum neque sapien placerat ante. Nulla justo.', '2022-12-12 17:25:05', 'Archer', '2023-03-11 02:44:48', 'Lonnard');
insert into article_comment (user_id, article_id, content, created_at, created_by, modified_at, modified_by) values ('yessm6212', 71, 'Mauris enim leo, rhoncus sed, vestibulum sit amet, cursus id, turpis. Integer aliquet, massa id lobortis convallis, tortor risus dapibus augue, vel accumsan tellus nisi eu orci. Mauris lacinia sapien quis libero.', '2023-04-17 05:47:02', 'Brittaney', '2023-02-06 02:15:52', 'Quinn');
insert into article_comment (user_id, article_id, content, created_at, created_by, modified_at, modified_by) values ('yessm6212', 31, 'Praesent blandit. Nam nulla. Integer pede justo, lacinia eget, tincidunt eget, tempus vel, pede.', '2022-11-04 22:05:58', 'Demetre', '2023-02-05 12:11:10', 'Maxy');
insert into article_comment (user_id, article_id, content, created_at, created_by, modified_at, modified_by) values ('yessm6212', 81, 'Lorem ipsum dolor sit amet, consectetuer adipiscing elit. Proin risus. Praesent lectus.', '2022-05-08 01:53:49', 'Arabela', '2023-01-04 19:06:23', 'Marylinda');
insert into article_comment (user_id, article_id, content, created_at, created_by, modified_at, modified_by) values ('yessm6212', 85, 'Cras mi pede, malesuada in, imperdiet et, commodo vulputate, justo. In blandit ultrices enim. Lorem ipsum dolor sit amet, consectetuer adipiscing elit.', '2022-07-03 07:43:08', 'Nichol', '2022-10-16 05:54:11', 'Darsey');
insert into article_comment (user_id, article_id, content, created_at, created_by, modified_at, modified_by) values ('yessm6212', 58, 'Pellentesque at nulla. Suspendisse potenti. Cras in purus eu magna vulputate luctus.', '2022-10-16 16:48:46', 'Tome', '2023-01-24 20:37:28', 'Lorettalorna');
insert into article_comment (user_id, article_id, content, created_at, created_by, modified_at, modified_by) values ('yessm6212', 95, 'Donec diam neque, vestibulum eget, vulputate ut, ultrices vel, augue. Vestibulum ante ipsum primis in faucibus orci luctus et ultrices posuere cubilia Curae; Donec pharetra, magna vestibulum aliquet ultrices, erat tortor sollicitudin mi, sit amet lobortis sapien sapien non mi. Integer ac neque.', '2023-04-12 02:44:10', 'Bari', '2022-11-14 15:14:14', 'Katya');
insert into article_comment (user_id, article_id, content, created_at, created_by, modified_at, modified_by) values ('yessm6212', 63, 'Nullam sit amet turpis elementum ligula vehicula consequat. Morbi a ipsum. Integer a nibh.', '2023-04-23 03:00:50', 'Marla', '2022-08-24 11:21:04', 'Heall');
insert into article_comment (user_id, article_id, content, created_at, created_by, modified_at, modified_by) values ('yessm6212', 32, 'Cras mi pede, malesuada in, imperdiet et, commodo vulputate, justo. In blandit ultrices enim. Lorem ipsum dolor sit amet, consectetuer adipiscing elit.', '2022-08-17 17:13:37', 'Aliza', '2022-05-21 10:38:58', 'Lucian');
insert into article_comment (user_id, article_id, content, created_at, created_by, modified_at, modified_by) values ('yessm6212', 54, 'Fusce consequat. Nulla nisl. Nunc nisl.', '2022-07-22 10:34:12', 'Stephanus', '2022-09-01 09:51:45', 'Alecia');
insert into article_comment (user_id, article_id, content, created_at, created_by, modified_at, modified_by) values ('yessm6212', 95, 'Maecenas tristique, est et tempus semper, est quam pharetra magna, ac consequat metus sapien ut nunc. Vestibulum ante ipsum primis in faucibus orci luctus et ultrices posuere cubilia Curae; Mauris viverra diam vitae quam. Suspendisse potenti.', '2023-02-21 18:46:52', 'Elmer', '2023-02-07 23:08:41', 'Shirley');
insert into article_comment (user_id, article_id, content, created_at, created_by, modified_at, modified_by) values ('yessm6212', 61, 'Fusce consequat. Nulla nisl. Nunc nisl.', '2022-05-31 05:58:57', 'Arlyn', '2023-04-12 19:43:30', 'Karlens');
insert into article_comment (user_id, article_id, content, created_at, created_by, modified_at, modified_by) values ('yessm6212', 71, 'Quisque porta volutpat erat. Quisque erat eros, viverra eget, congue eget, semper rutrum, nulla. Nunc purus.', '2022-09-22 22:29:22', 'Myrilla', '2022-08-01 20:50:35', 'Buddy');
insert into article_comment (user_id, article_id, content, created_at, created_by, modified_at, modified_by) values ('yessm6212', 97, 'Quisque porta volutpat erat. Quisque erat eros, viverra eget, congue eget, semper rutrum, nulla. Nunc purus.', '2022-06-27 06:25:29', 'Morganica', '2022-05-10 12:04:21', 'Benedetta');
insert into article_comment (user_id, article_id, content, created_at, created_by, modified_at, modified_by) values ('yessm6212', 60, 'Proin leo odio, porttitor id, consequat in, consequat ut, nulla. Sed accumsan felis. Ut at dolor quis odio consequat varius.', '2023-04-25 02:47:45', 'Pauline', '2023-01-31 14:52:14', 'Rubie');
insert into article_comment (user_id, article_id, content, created_at, created_by, modified_at, modified_by) values ('yessm6212', 44, 'In hac habitasse platea dictumst. Morbi vestibulum, velit id pretium iaculis, diam erat fermentum justo, nec condimentum neque sapien placerat ante. Nulla justo.', '2023-01-12 17:25:23', 'Isis', '2022-07-15 01:48:46', 'Adelind');
insert into article_comment (user_id, article_id, content, created_at, created_by, modified_at, modified_by) values ('yessm6212', 1, 'Sed sagittis. Nam congue, risus semper porta volutpat, quam pede lobortis ligula, sit amet eleifend pede libero quis orci. Nullam molestie nibh in lectus.', '2022-06-30 03:09:23', 'Pearl', '2022-05-07 02:18:27', 'Morena');
insert into article_comment (user_id, article_id, content, created_at, created_by, modified_at, modified_by) values ('yessm6212', 30, 'Phasellus in felis. Donec semper sapien a libero. Nam dui.', '2022-11-28 13:25:11', 'Kaycee', '2023-02-16 09:19:31', 'Morissa');
insert into article_comment (user_id, article_id, content, created_at, created_by, modified_at, modified_by) values ('yessm6212', 59, 'Proin interdum mauris non ligula pellentesque ultrices. Phasellus id sapien in sapien iaculis congue. Vivamus metus arcu, adipiscing molestie, hendrerit at, vulputate vitae, nisl.', '2022-05-05 16:03:15', 'Tiphani', '2022-08-31 22:43:37', 'Chico');
insert into article_comment (user_id, article_id, content, created_at, created_by, modified_at, modified_by) values ('yessm6212', 64, 'Cras mi pede, malesuada in, imperdiet et, commodo vulputate, justo. In blandit ultrices enim. Lorem ipsum dolor sit amet, consectetuer adipiscing elit.', '2022-07-28 18:00:48', 'Algernon', '2022-06-16 12:15:13', 'Findley');
insert into article_comment (user_id, article_id, content, created_at, created_by, modified_at, modified_by) values ('yessm6212', 90, 'Donec diam neque, vestibulum eget, vulputate ut, ultrices vel, augue. Vestibulum ante ipsum primis in faucibus orci luctus et ultrices posuere cubilia Curae; Donec pharetra, magna vestibulum aliquet ultrices, erat tortor sollicitudin mi, sit amet lobortis sapien sapien non mi. Integer ac neque.', '2023-01-29 17:01:48', 'Joli', '2022-08-01 01:20:14', 'Ediva');
insert into article_comment (user_id, article_id, content, created_at, created_by, modified_at, modified_by) values ('yessm6212', 83, 'Nullam porttitor lacus at turpis. Donec posuere metus vitae ipsum. Aliquam non mauris.', '2022-05-18 20:52:03', 'Kelcey', '2023-01-11 16:02:12', 'Finley');
insert into article_comment (user_id, article_id, content, created_at, created_by, modified_at, modified_by) values ('yessm6212', 38, 'Curabitur in libero ut massa volutpat convallis. Morbi odio odio, elementum eu, interdum eu, tincidunt in, leo. Maecenas pulvinar lobortis est.', '2023-04-24 15:09:24', 'Corette', '2023-04-27 21:14:05', 'Carolynn');
insert into article_comment (user_id, article_id, content, created_at, created_by, modified_at, modified_by) values ('yessm6212', 47, 'Morbi porttitor lorem id ligula. Suspendisse ornare consequat lectus. In est risus, auctor sed, tristique in, tempus sit amet, sem.', '2022-11-16 12:51:04', 'Isador', '2022-06-20 10:17:22', 'Elmer');
insert into article_comment (user_id, article_id, content, created_at, created_by, modified_at, modified_by) values ('yessm6212', 40, 'Aliquam quis turpis eget elit sodales scelerisque. Mauris sit amet eros. Suspendisse accumsan tortor quis turpis.', '2022-12-31 21:54:31', 'Paten', '2022-11-04 02:10:53', 'Betsey');
insert into article_comment (user_id, article_id, content, created_at, created_by, modified_at, modified_by) values ('yessm6212', 20, 'Integer ac leo. Pellentesque ultrices mattis odio. Donec vitae nisi.', '2022-07-26 17:53:10', 'Drona', '2022-06-10 02:34:38', 'Harriett');
insert into article_comment (user_id, article_id, content, created_at, created_by, modified_at, modified_by) values ('yessm6212', 30, 'Duis aliquam convallis nunc. Proin at turpis a pede posuere nonummy. Integer non velit.', '2022-05-15 10:47:39', 'Hurlee', '2022-06-12 15:14:58', 'Llywellyn');
insert into article_comment (user_id, article_id, content, created_at, created_by, modified_at, modified_by) values ('yessm6212', 75, 'Mauris enim leo, rhoncus sed, vestibulum sit amet, cursus id, turpis. Integer aliquet, massa id lobortis convallis, tortor risus dapibus augue, vel accumsan tellus nisi eu orci. Mauris lacinia sapien quis libero.', '2022-11-22 22:10:04', 'Levon', '2023-02-06 04:41:05', 'Aluin');
insert into article_comment (user_id, article_id, content, created_at, created_by, modified_at, modified_by) values ('yessm6212', 31, 'Proin leo odio, porttitor id, consequat in, consequat ut, nulla. Sed accumsan felis. Ut at dolor quis odio consequat varius.', '2022-11-06 18:10:07', 'Hephzibah', '2023-02-09 21:38:20', 'Sigismund');
insert into article_comment (user_id, article_id, content, created_at, created_by, modified_at, modified_by) values ('yessm6212', 88, 'Morbi non lectus. Aliquam sit amet diam in magna bibendum imperdiet. Nullam orci pede, venenatis non, sodales sed, tincidunt eu, felis.', '2022-07-05 16:36:39', 'Iago', '2023-03-18 13:03:32', 'Westbrooke');
insert into article_comment (user_id, article_id, content, created_at, created_by, modified_at, modified_by) values ('yessm6212', 70, 'Lorem ipsum dolor sit amet, consectetuer adipiscing elit. Proin risus. Praesent lectus.', '2022-09-08 16:58:12', 'Kendricks', '2022-11-05 14:45:44', 'Broddy');
insert into article_comment (user_id, article_id, content, created_at, created_by, modified_at, modified_by) values ('yessm6212', 15, 'Duis consequat dui nec nisi volutpat eleifend. Donec ut dolor. Morbi vel lectus in quam fringilla rhoncus.', '2022-11-15 12:40:55', 'Aurelie', '2022-11-10 03:44:28', 'Jacquenette');
insert into article_comment (user_id, article_id, content, created_at, created_by, modified_at, modified_by) values ('yessm6212', 61, 'Nulla ut erat id mauris vulputate elementum. Nullam varius. Nulla facilisi.', '2022-12-02 04:31:37', 'Waverley', '2022-09-08 02:01:14', 'Richardo');
insert into article_comment (user_id, article_id, content, created_at, created_by, modified_at, modified_by) values ('yessm6212', 67, 'Proin interdum mauris non ligula pellentesque ultrices. Phasellus id sapien in sapien iaculis congue. Vivamus metus arcu, adipiscing molestie, hendrerit at, vulputate vitae, nisl.', '2022-10-27 13:02:34', 'Ayn', '2023-02-22 15:11:15', 'Brande');
insert into article_comment (user_id, article_id, content, created_at, created_by, modified_at, modified_by) values ('yessm6212', 45, 'Pellentesque at nulla. Suspendisse potenti. Cras in purus eu magna vulputate luctus.', '2022-05-30 01:08:15', 'Alia', '2022-10-18 19:12:04', 'Archibold');
insert into article_comment (user_id, article_id, content, created_at, created_by, modified_at, modified_by) values ('yessm6212', 52, 'Quisque porta volutpat erat. Quisque erat eros, viverra eget, congue eget, semper rutrum, nulla. Nunc purus.', '2023-02-25 19:38:16', 'Barth', '2022-05-30 12:18:41', 'Antonio');
insert into article_comment (user_id, article_id, content, created_at, created_by, modified_at, modified_by) values ('yessm6212', 65, 'Praesent blandit. Nam nulla. Integer pede justo, lacinia eget, tincidunt eget, tempus vel, pede.', '2023-03-18 06:41:03', 'Oralla', '2022-05-29 16:49:21', 'Lennie');
insert into article_comment (user_id, article_id, content, created_at, created_by, modified_at, modified_by) values ('yessm6212', 71, 'Etiam vel augue. Vestibulum rutrum rutrum neque. Aenean auctor gravida sem.', '2022-10-16 05:31:54', 'Benjie', '2022-07-25 02:33:19', 'Rachele');
insert into article_comment (user_id, article_id, content, created_at, created_by, modified_at, modified_by) values ('yessm6212', 21, 'Aenean fermentum. Donec ut mauris eget massa tempor convallis. Nulla neque libero, convallis eget, eleifend luctus, ultricies eu, nibh.', '2022-12-28 02:37:03', 'Jacquenette', '2022-06-03 21:06:29', 'Leighton');
insert into article_comment (user_id, article_id, content, created_at, created_by, modified_at, modified_by) values ('yessm6212', 15, 'Vestibulum quam sapien, varius ut, blandit non, interdum in, ante. Vestibulum ante ipsum primis in faucibus orci luctus et ultrices posuere cubilia Curae; Duis faucibus accumsan odio. Curabitur convallis.', '2022-09-24 07:06:59', 'Spence', '2022-07-03 09:16:34', 'Lyndsey');
insert into article_comment (user_id, article_id, content, created_at, created_by, modified_at, modified_by) values ('yessm6212', 20, 'Aenean lectus. Pellentesque eget nunc. Donec quis orci eget orci vehicula condimentum.', '2023-02-11 17:24:42', 'Mame', '2023-03-19 14:38:27', 'Arnuad');
insert into article_comment (user_id, article_id, content, created_at, created_by, modified_at, modified_by) values ('yessm6212', 17, 'Aliquam quis turpis eget elit sodales scelerisque. Mauris sit amet eros. Suspendisse accumsan tortor quis turpis.', '2022-11-21 21:02:03', 'Justus', '2022-09-04 00:33:26', 'Aubry');
insert into article_comment (user_id, article_id, content, created_at, created_by, modified_at, modified_by) values ('yessm6212', 34, 'Sed sagittis. Nam congue, risus semper porta volutpat, quam pede lobortis ligula, sit amet eleifend pede libero quis orci. Nullam molestie nibh in lectus.', '2022-08-07 09:48:06', 'Myrta', '2022-09-02 08:14:13', 'Hermon');
insert into article_comment (user_id, article_id, content, created_at, created_by, modified_at, modified_by) values ('yessm6212', 2, 'Aenean fermentum. Donec ut mauris eget massa tempor convallis. Nulla neque libero, convallis eget, eleifend luctus, ultricies eu, nibh.', '2022-08-09 14:09:53', 'Myrtie', '2022-12-20 02:20:11', 'Lexis');
insert into article_comment (user_id, article_id, content, created_at, created_by, modified_at, modified_by) values ('yessm6212', 11, 'Vestibulum quam sapien, varius ut, blandit non, interdum in, ante. Vestibulum ante ipsum primis in faucibus orci luctus et ultrices posuere cubilia Curae; Duis faucibus accumsan odio. Curabitur convallis.', '2022-08-05 21:34:11', 'Lucky', '2022-12-21 18:22:02', 'Estrellita');
insert into article_comment (user_id, article_id, content, created_at, created_by, modified_at, modified_by) values ('yessm6212', 50, 'Duis bibendum. Morbi non quam nec dui luctus rutrum. Nulla tellus.', '2022-11-28 05:57:04', 'Isaac', '2023-02-15 14:52:55', 'Marketa');
insert into article_comment (user_id, article_id, content, created_at, created_by, modified_at, modified_by) values ('yessm6212', 14, 'Nullam porttitor lacus at turpis. Donec posuere metus vitae ipsum. Aliquam non mauris.', '2023-04-05 04:54:32', 'Latia', '2022-05-09 21:04:08', 'Kip');
insert into article_comment (user_id, article_id, content, created_at, created_by, modified_at, modified_by) values ('yessm6212', 29, 'Fusce posuere felis sed lacus. Morbi sem mauris, laoreet ut, rhoncus aliquet, pulvinar sed, nisl. Nunc rhoncus dui vel sem.', '2022-06-26 22:56:52', 'Aylmar', '2023-01-31 23:17:26', 'Arel');
insert into article_comment (user_id, article_id, content, created_at, created_by, modified_at, modified_by) values ('yessm6212', 61, 'Quisque id justo sit amet sapien dignissim vestibulum. Vestibulum ante ipsum primis in faucibus orci luctus et ultrices posuere cubilia Curae; Nulla dapibus dolor vel est. Donec odio justo, sollicitudin ut, suscipit a, feugiat et, eros.', '2022-06-11 04:19:05', 'Khalil', '2022-09-08 21:01:45', 'Cesaro');
insert into article_comment (user_id, article_id, content, created_at, created_by, modified_at, modified_by) values ('yessm6212', 10, 'Morbi non lectus. Aliquam sit amet diam in magna bibendum imperdiet. Nullam orci pede, venenatis non, sodales sed, tincidunt eu, felis.', '2022-05-03 08:53:59', 'Brenn', '2022-07-06 05:21:57', 'Lurleen');
insert into article_comment (user_id, article_id, content, created_at, created_by, modified_at, modified_by) values ('yessm6212', 75, 'Nullam sit amet turpis elementum ligula vehicula consequat. Morbi a ipsum. Integer a nibh.', '2023-04-08 10:10:31', 'Celka', '2022-11-29 07:51:34', 'Ruben');
insert into article_comment (user_id, article_id, content, created_at, created_by, modified_at, modified_by) values ('yessm6212', 11, 'Duis bibendum. Morbi non quam nec dui luctus rutrum. Nulla tellus.', '2022-09-12 03:49:00', 'Althea', '2023-04-11 07:29:53', 'Harriott');
insert into article_comment (user_id, article_id, content, created_at, created_by, modified_at, modified_by) values ('yessm6212', 66, 'Fusce consequat. Nulla nisl. Nunc nisl.', '2023-04-13 10:19:21', 'Ker', '2022-12-19 11:08:36', 'Judie');
insert into article_comment (user_id, article_id, content, created_at, created_by, modified_at, modified_by) values ('yessm6212', 76, 'Cras mi pede, malesuada in, imperdiet et, commodo vulputate, justo. In blandit ultrices enim. Lorem ipsum dolor sit amet, consectetuer adipiscing elit.', '2022-10-02 17:17:59', 'Vinita', '2022-07-04 22:38:01', 'Clifford');
insert into article_comment (user_id, article_id, content, created_at, created_by, modified_at, modified_by) values ('yessm6212', 11, 'Duis bibendum, felis sed interdum venenatis, turpis enim blandit mi, in porttitor pede justo eu massa. Donec dapibus. Duis at velit eu est congue elementum.', '2022-07-19 01:07:02', 'Marilee', '2022-05-10 15:58:32', 'Ev');
insert into article_comment (user_id, article_id, content, created_at, created_by, modified_at, modified_by) values ('yessm6212', 52, 'Cras non velit nec nisi vulputate nonummy. Maecenas tincidunt lacus at velit. Vivamus vel nulla eget eros elementum pellentesque.', '2022-07-30 22:35:24', 'Freddy', '2023-03-03 06:05:21', 'Bartolomeo');
insert into article_comment (user_id, article_id, content, created_at, created_by, modified_at, modified_by) values ('yessm6212', 20, 'Aenean lectus. Pellentesque eget nunc. Donec quis orci eget orci vehicula condimentum.', '2022-12-06 02:01:28', 'Pavla', '2022-07-06 12:42:01', 'Wenonah');
insert into article_comment (user_id, article_id, content, created_at, created_by, modified_at, modified_by) values ('yessm6212', 57, 'Vestibulum ac est lacinia nisi venenatis tristique. Fusce congue, diam id ornare imperdiet, sapien urna pretium nisl, ut volutpat sapien arcu sed augue. Aliquam erat volutpat.', '2022-06-01 23:06:40', 'Melisande', '2022-05-21 08:17:07', 'Dodi');
insert into article_comment (user_id, article_id, content, created_at, created_by, modified_at, modified_by) values ('yessm6212', 93, 'Nulla ut erat id mauris vulputate elementum. Nullam varius. Nulla facilisi.', '2022-08-14 14:08:35', 'Berne', '2022-08-23 14:36:02', 'Claudie');
insert into article_comment (user_id, article_id, content, created_at, created_by, modified_at, modified_by) values ('yessm6212', 10, 'Curabitur in libero ut massa volutpat convallis. Morbi odio odio, elementum eu, interdum eu, tincidunt in, leo. Maecenas pulvinar lobortis est.', '2023-03-09 22:26:05', 'Cariotta', '2023-04-03 00:35:59', 'Jarid');
insert into article_comment (user_id, article_id, content, created_at, created_by, modified_at, modified_by) values ('yessm6212', 4, 'Cum sociis natoque penatibus et magnis dis parturient montes, nascetur ridiculus mus. Vivamus vestibulum sagittis sapien. Cum sociis natoque penatibus et magnis dis parturient montes, nascetur ridiculus mus.', '2022-09-13 11:15:03', 'Waldo', '2022-11-26 22:31:04', 'Padgett');
insert into article_comment (user_id, article_id, content, created_at, created_by, modified_at, modified_by) values ('yessm6212', 67, 'Integer ac leo. Pellentesque ultrices mattis odio. Donec vitae nisi.', '2022-07-01 10:52:18', 'Dalenna', '2023-02-26 11:13:01', 'Dollie');
insert into article_comment (user_id, article_id, content, created_at, created_by, modified_at, modified_by) values ('yessm6212', 14, 'Vestibulum ac est lacinia nisi venenatis tristique. Fusce congue, diam id ornare imperdiet, sapien urna pretium nisl, ut volutpat sapien arcu sed augue. Aliquam erat volutpat.', '2022-08-01 07:47:14', 'Rafa', '2022-10-12 19:55:15', 'Currie');
insert into article_comment (user_id, article_id, content, created_at, created_by, modified_at, modified_by) values ('yessm6212', 35, 'Maecenas tristique, est et tempus semper, est quam pharetra magna, ac consequat metus sapien ut nunc. Vestibulum ante ipsum primis in faucibus orci luctus et ultrices posuere cubilia Curae; Mauris viverra diam vitae quam. Suspendisse potenti.', '2022-10-29 01:27:09', 'Agathe', '2023-04-27 14:25:13', 'Rozelle');
insert into article_comment (user_id, article_id, content, created_at, created_by, modified_at, modified_by) values ('yessm6212', 93, 'Lorem ipsum dolor sit amet, consectetuer adipiscing elit. Proin risus. Praesent lectus.', '2022-12-03 22:07:59', 'Rayshell', '2023-01-08 16:24:17', 'Nicole');
insert into article_comment (user_id, article_id, content, created_at, created_by, modified_at, modified_by) values ('yessm6212', 70, 'Suspendisse potenti. In eleifend quam a odio. In hac habitasse platea dictumst.', '2023-02-13 04:14:15', 'Terri', '2023-02-24 21:10:29', 'Solly');
insert into article_comment (user_id, article_id, content, created_at, created_by, modified_at, modified_by) values ('yessm6212', 86, 'In hac habitasse platea dictumst. Morbi vestibulum, velit id pretium iaculis, diam erat fermentum justo, nec condimentum neque sapien placerat ante. Nulla justo.', '2022-05-17 08:09:42', 'Rosemonde', '2022-12-24 11:07:41', 'Pierce');
insert into article_comment (user_id, article_id, content, created_at, created_by, modified_at, modified_by) values ('yessm6212', 72, 'Mauris enim leo, rhoncus sed, vestibulum sit amet, cursus id, turpis. Integer aliquet, massa id lobortis convallis, tortor risus dapibus augue, vel accumsan tellus nisi eu orci. Mauris lacinia sapien quis libero.', '2023-01-08 21:15:04', 'Emily', '2022-09-04 10:32:08', 'Zenia');
insert into article_comment (user_id, article_id, content, created_at, created_by, modified_at, modified_by) values ('yessm6212', 73, 'Vestibulum quam sapien, varius ut, blandit non, interdum in, ante. Vestibulum ante ipsum primis in faucibus orci luctus et ultrices posuere cubilia Curae; Duis faucibus accumsan odio. Curabitur convallis.', '2022-10-23 07:06:39', 'Di', '2023-03-14 18:29:27', 'Nolie');
insert into article_comment (user_id, article_id, content, created_at, created_by, modified_at, modified_by) values ('yessm6212', 19, 'Morbi porttitor lorem id ligula. Suspendisse ornare consequat lectus. In est risus, auctor sed, tristique in, tempus sit amet, sem.', '2023-04-20 06:40:38', 'Vinni', '2022-11-07 21:25:07', 'Carmon');
insert into article_comment (user_id, article_id, content, created_at, created_by, modified_at, modified_by) values ('yessm6212', 97, 'Nam ultrices, libero non mattis pulvinar, nulla pede ullamcorper augue, a suscipit nulla elit ac nulla. Sed vel enim sit amet nunc viverra dapibus. Nulla suscipit ligula in lacus.', '2022-09-02 15:30:18', 'Annabal', '2022-08-10 09:34:44', 'Lissa');
insert into article_comment (user_id, article_id, content, created_at, created_by, modified_at, modified_by) values ('yessm6212', 16, 'Duis bibendum, felis sed interdum venenatis, turpis enim blandit mi, in porttitor pede justo eu massa. Donec dapibus. Duis at velit eu est congue elementum.', '2022-05-30 00:50:50', 'Killie', '2022-05-16 02:42:01', 'Torr');
insert into article_comment (user_id, article_id, content, created_at, created_by, modified_at, modified_by) values ('yessm6212', 19, 'Lorem ipsum dolor sit amet, consectetuer adipiscing elit. Proin risus. Praesent lectus.', '2022-10-20 07:59:30', 'Stephen', '2022-10-14 21:10:27', 'Editha');
insert into article_comment (user_id, article_id, content, created_at, created_by, modified_at, modified_by) values ('yessm6212', 49, 'Proin interdum mauris non ligula pellentesque ultrices. Phasellus id sapien in sapien iaculis congue. Vivamus metus arcu, adipiscing molestie, hendrerit at, vulputate vitae, nisl.', '2022-12-22 20:17:44', 'Prescott', '2022-05-11 11:17:00', 'Thalia');
insert into article_comment (user_id, article_id, content, created_at, created_by, modified_at, modified_by) values ('yessm6212', 18, 'Cras non velit nec nisi vulputate nonummy. Maecenas tincidunt lacus at velit. Vivamus vel nulla eget eros elementum pellentesque.', '2022-10-30 08:12:12', 'Rebbecca', '2022-11-17 11:05:49', 'Osbourne');
insert into article_comment (user_id, article_id, content, created_at, created_by, modified_at, modified_by) values ('yessm6212', 92, 'Duis consequat dui nec nisi volutpat eleifend. Donec ut dolor. Morbi vel lectus in quam fringilla rhoncus.', '2023-04-20 00:50:39', 'Steve', '2022-11-09 12:19:49', 'Alida');
insert into article_comment (user_id, article_id, content, created_at, created_by, modified_at, modified_by) values ('yessm6212', 38, 'Maecenas ut massa quis augue luctus tincidunt. Nulla mollis molestie lorem. Quisque ut erat.', '2022-06-16 07:52:08', 'Sherman', '2022-09-01 02:59:32', 'Nara');
insert into article_comment (user_id, article_id, content, created_at, created_by, modified_at, modified_by) values ('yessm6212', 86, 'Quisque id justo sit amet sapien dignissim vestibulum. Vestibulum ante ipsum primis in faucibus orci luctus et ultrices posuere cubilia Curae; Nulla dapibus dolor vel est. Donec odio justo, sollicitudin ut, suscipit a, feugiat et, eros.', '2023-04-11 09:26:14', 'Mariam', '2022-06-06 10:36:29', 'Alexa');
insert into article_comment (user_id, article_id, content, created_at, created_by, modified_at, modified_by) values ('yessm6212', 86, 'Cras mi pede, malesuada in, imperdiet et, commodo vulputate, justo. In blandit ultrices enim. Lorem ipsum dolor sit amet, consectetuer adipiscing elit.', '2023-04-18 07:58:45', 'Annabal', '2023-01-26 19:22:54', 'Shani');
insert into article_comment (user_id, article_id, content, created_at, created_by, modified_at, modified_by) values ('yessm6212', 1, 'Nullam sit amet turpis elementum ligula vehicula consequat. Morbi a ipsum. Integer a nibh.', '2022-11-29 14:17:07', 'Chicky', '2023-03-23 15:35:32', 'Jenine');
insert into article_comment (user_id, article_id, content, created_at, created_by, modified_at, modified_by) values ('yessm6212', 9, 'Cum sociis natoque penatibus et magnis dis parturient montes, nascetur ridiculus mus. Vivamus vestibulum sagittis sapien. Cum sociis natoque penatibus et magnis dis parturient montes, nascetur ridiculus mus.', '2022-11-23 08:40:35', 'Cathrin', '2022-11-15 06:49:26', 'Chiquia');
insert into article_comment (user_id, article_id, content, created_at, created_by, modified_at, modified_by) values ('yessm621', 43, 'Maecenas ut massa quis augue luctus tincidunt. Nulla mollis molestie lorem. Quisque ut erat.', '2022-11-23 01:32:11', 'Kale', '2022-08-07 21:09:19', 'Lona');
insert into article_comment (user_id, article_id, content, created_at, created_by, modified_at, modified_by) values ('yessm621', 88, 'Proin eu mi. Nulla ac enim. In tempor, turpis nec euismod scelerisque, quam turpis adipiscing lorem, vitae mattis nibh ligula nec sem.', '2023-01-08 01:28:36', 'Mara', '2023-03-01 00:48:29', 'Nikolaus');
insert into article_comment (user_id, article_id, content, created_at, created_by, modified_at, modified_by) values ('yessm621', 57, 'Sed sagittis. Nam congue, risus semper porta volutpat, quam pede lobortis ligula, sit amet eleifend pede libero quis orci. Nullam molestie nibh in lectus.', '2022-11-25 12:31:03', 'Amandi', '2022-06-15 10:03:10', 'Daryle');
insert into article_comment (user_id, article_id, content, created_at, created_by, modified_at, modified_by) values ('yessm621', 83, 'Cras non velit nec nisi vulputate nonummy. Maecenas tincidunt lacus at velit. Vivamus vel nulla eget eros elementum pellentesque.', '2023-02-24 11:54:18', 'Fredia', '2022-11-29 04:20:08', 'Blakelee');
insert into article_comment (user_id, article_id, content, created_at, created_by, modified_at, modified_by) values ('yessm621', 87, 'Curabitur gravida nisi at nibh. In hac habitasse platea dictumst. Aliquam augue quam, sollicitudin vitae, consectetuer eget, rutrum at, lorem.', '2023-01-29 15:47:03', 'Jeno', '2023-03-20 05:09:14', 'Germaine');
insert into article_comment (user_id, article_id, content, created_at, created_by, modified_at, modified_by) values ('yessm621', 49, 'Quisque porta volutpat erat. Quisque erat eros, viverra eget, congue eget, semper rutrum, nulla. Nunc purus.', '2023-02-25 11:11:13', 'Janina', '2023-04-26 14:52:04', 'Chad');
insert into article_comment (user_id, article_id, content, created_at, created_by, modified_at, modified_by) values ('yessm621', 51, 'Proin eu mi. Nulla ac enim. In tempor, turpis nec euismod scelerisque, quam turpis adipiscing lorem, vitae mattis nibh ligula nec sem.', '2022-05-15 19:30:59', 'Baxter', '2022-08-22 16:14:48', 'Sallie');
insert into article_comment (user_id, article_id, content, created_at, created_by, modified_at, modified_by) values ('yessm621', 49, 'Pellentesque at nulla. Suspendisse potenti. Cras in purus eu magna vulputate luctus.', '2022-07-24 22:33:22', 'Karina', '2022-10-05 00:59:46', 'Alice');
insert into article_comment (user_id, article_id, content, created_at, created_by, modified_at, modified_by) values ('yessm621', 1, 'In hac habitasse platea dictumst. Morbi vestibulum, velit id pretium iaculis, diam erat fermentum justo, nec condimentum neque sapien placerat ante. Nulla justo.', '2022-07-29 16:45:45', 'Artemus', '2023-01-27 22:26:01', 'Harriot');
insert into article_comment (user_id, article_id, content, created_at, created_by, modified_at, modified_by) values ('yessm621', 46, 'In sagittis dui vel nisl. Duis ac nibh. Fusce lacus purus, aliquet at, feugiat non, pretium quis, lectus.', '2022-12-07 11:45:46', 'Evania', '2023-01-21 18:11:47', 'Sonia');
insert into article_comment (user_id, article_id, content, created_at, created_by, modified_at, modified_by) values ('yessm621', 21, 'In quis justo. Maecenas rhoncus aliquam lacus. Morbi quis tortor id nulla ultrices aliquet.', '2023-02-01 09:54:03', 'Missie', '2022-11-28 02:21:41', 'Rooney');
insert into article_comment (user_id, article_id, content, created_at, created_by, modified_at, modified_by) values ('yessm621', 48, 'Praesent blandit. Nam nulla. Integer pede justo, lacinia eget, tincidunt eget, tempus vel, pede.', '2023-01-31 00:00:23', 'Tonia', '2022-08-30 14:25:17', 'Grantham');
insert into article_comment (user_id, article_id, content, created_at, created_by, modified_at, modified_by) values ('yessm621', 86, 'Suspendisse potenti. In eleifend quam a odio. In hac habitasse platea dictumst.', '2023-03-26 09:26:06', 'Rabbi', '2022-09-29 12:03:50', 'Ivar');
insert into article_comment (user_id, article_id, content, created_at, created_by, modified_at, modified_by) values ('yessm621', 17, 'Cras mi pede, malesuada in, imperdiet et, commodo vulputate, justo. In blandit ultrices enim. Lorem ipsum dolor sit amet, consectetuer adipiscing elit.', '2022-07-11 13:31:55', 'Golda', '2022-05-17 07:47:15', 'Darby');
insert into article_comment (user_id, article_id, content, created_at, created_by, modified_at, modified_by) values ('yessm621', 96, 'Aenean fermentum. Donec ut mauris eget massa tempor convallis. Nulla neque libero, convallis eget, eleifend luctus, ultricies eu, nibh.', '2022-06-26 02:36:15', 'Terrye', '2023-02-27 09:39:27', 'Lemuel');
insert into article_comment (user_id, article_id, content, created_at, created_by, modified_at, modified_by) values ('yessm621', 37, 'Nullam porttitor lacus at turpis. Donec posuere metus vitae ipsum. Aliquam non mauris.', '2022-11-25 19:01:07', 'Fancy', '2022-05-19 19:10:22', 'Ingrim');
insert into article_comment (user_id, article_id, content, created_at, created_by, modified_at, modified_by) values ('yessm621', 42, 'Duis bibendum. Morbi non quam nec dui luctus rutrum. Nulla tellus.', '2022-07-08 21:20:14', 'Des', '2023-03-18 12:34:20', 'Byrann');
insert into article_comment (user_id, article_id, content, created_at, created_by, modified_at, modified_by) values ('yessm621', 83, 'In congue. Etiam justo. Etiam pretium iaculis justo.', '2022-10-16 01:10:28', 'Ddene', '2023-02-02 23:03:39', 'Hamilton');
insert into article_comment (user_id, article_id, content, created_at, created_by, modified_at, modified_by) values ('yessm621', 8, 'Donec diam neque, vestibulum eget, vulputate ut, ultrices vel, augue. Vestibulum ante ipsum primis in faucibus orci luctus et ultrices posuere cubilia Curae; Donec pharetra, magna vestibulum aliquet ultrices, erat tortor sollicitudin mi, sit amet lobortis sapien sapien non mi. Integer ac neque.', '2022-09-16 18:18:58', 'Caye', '2022-08-15 16:06:26', 'Jo-ann');
insert into article_comment (user_id, article_id, content, created_at, created_by, modified_at, modified_by) values ('yessm621', 76, 'Sed ante. Vivamus tortor. Duis mattis egestas metus.', '2022-05-11 03:06:23', 'Roldan', '2022-12-20 01:33:44', 'Darda');
insert into article_comment (user_id, article_id, content, created_at, created_by, modified_at, modified_by) values ('yessm621', 11, 'Pellentesque at nulla. Suspendisse potenti. Cras in purus eu magna vulputate luctus.', '2022-07-24 02:19:51', 'Petra', '2022-12-24 17:16:15', 'Maynord');
insert into article_comment (user_id, article_id, content, created_at, created_by, modified_at, modified_by) values ('yessm621', 68, 'Curabitur in libero ut massa volutpat convallis. Morbi odio odio, elementum eu, interdum eu, tincidunt in, leo. Maecenas pulvinar lobortis est.', '2023-03-16 12:26:10', 'Denver', '2022-09-14 11:22:06', 'Jo-anne');
insert into article_comment (user_id, article_id, content, created_at, created_by, modified_at, modified_by) values ('yessm621', 39, 'Vestibulum quam sapien, varius ut, blandit non, interdum in, ante. Vestibulum ante ipsum primis in faucibus orci luctus et ultrices posuere cubilia Curae; Duis faucibus accumsan odio. Curabitur convallis.', '2023-02-18 15:09:52', 'Avril', '2022-09-05 20:17:25', 'Merrick');
insert into article_comment (user_id, article_id, content, created_at, created_by, modified_at, modified_by) values ('yessm621', 81, 'Duis bibendum, felis sed interdum venenatis, turpis enim blandit mi, in porttitor pede justo eu massa. Donec dapibus. Duis at velit eu est congue elementum.', '2022-11-14 12:38:39', 'Gerrilee', '2022-08-17 04:18:03', 'Lindsey');
insert into article_comment (user_id, article_id, content, created_at, created_by, modified_at, modified_by) values ('yessm621', 12, 'Phasellus in felis. Donec semper sapien a libero. Nam dui.', '2023-03-30 13:25:00', 'Birk', '2022-05-31 14:57:32', 'Pooh');
insert into article_comment (user_id, article_id, content, created_at, created_by, modified_at, modified_by) values ('yessm621', 100, 'Morbi porttitor lorem id ligula. Suspendisse ornare consequat lectus. In est risus, auctor sed, tristique in, tempus sit amet, sem.', '2022-08-22 09:30:03', 'Meredith', '2022-05-31 18:40:28', 'Roland');
insert into article_comment (user_id, article_id, content, created_at, created_by, modified_at, modified_by) values ('yessm621', 45, 'Morbi porttitor lorem id ligula. Suspendisse ornare consequat lectus. In est risus, auctor sed, tristique in, tempus sit amet, sem.', '2022-09-15 14:58:20', 'Had', '2022-12-15 06:15:41', 'Delmar');
insert into article_comment (user_id, article_id, content, created_at, created_by, modified_at, modified_by) values ('yessm621', 45, 'Duis bibendum, felis sed interdum venenatis, turpis enim blandit mi, in porttitor pede justo eu massa. Donec dapibus. Duis at velit eu est congue elementum.', '2023-03-20 00:58:59', 'Isadore', '2023-02-04 07:14:34', 'Barbra');
insert into article_comment (user_id, article_id, content, created_at, created_by, modified_at, modified_by) values ('yessm621', 77, 'Proin leo odio, porttitor id, consequat in, consequat ut, nulla. Sed accumsan felis. Ut at dolor quis odio consequat varius.', '2022-12-10 03:48:14', 'Patience', '2022-10-13 23:09:55', 'Englebert');
insert into article_comment (user_id, article_id, content, created_at, created_by, modified_at, modified_by) values ('yessm621', 5, 'Fusce posuere felis sed lacus. Morbi sem mauris, laoreet ut, rhoncus aliquet, pulvinar sed, nisl. Nunc rhoncus dui vel sem.', '2022-09-11 12:01:59', 'Delila', '2023-01-13 12:13:16', 'Rudie');
insert into article_comment (user_id, article_id, content, created_at, created_by, modified_at, modified_by) values ('yessm621', 1, 'Aenean fermentum. Donec ut mauris eget massa tempor convallis. Nulla neque libero, convallis eget, eleifend luctus, ultricies eu, nibh.', '2022-06-03 21:32:35', 'Georgiana', '2022-12-03 07:39:54', 'Francesco');
insert into article_comment (user_id, article_id, content, created_at, created_by, modified_at, modified_by) values ('yessm621', 94, 'Lorem ipsum dolor sit amet, consectetuer adipiscing elit. Proin risus. Praesent lectus.', '2023-03-07 06:04:03', 'Orsola', '2022-09-13 21:09:15', 'Isabelle');
insert into article_comment (user_id, article_id, content, created_at, created_by, modified_at, modified_by) values ('yessm621', 47, 'Vestibulum quam sapien, varius ut, blandit non, interdum in, ante. Vestibulum ante ipsum primis in faucibus orci luctus et ultrices posuere cubilia Curae; Duis faucibus accumsan odio. Curabitur convallis.', '2022-09-11 05:49:29', 'Melisenda', '2023-01-05 04:49:43', 'Gaynor');
insert into article_comment (user_id, article_id, content, created_at, created_by, modified_at, modified_by) values ('yessm621', 64, 'Morbi porttitor lorem id ligula. Suspendisse ornare consequat lectus. In est risus, auctor sed, tristique in, tempus sit amet, sem.', '2022-12-12 11:49:08', 'Laetitia', '2023-02-21 13:06:43', 'Bondie');
insert into article_comment (user_id, article_id, content, created_at, created_by, modified_at, modified_by) values ('yessm621', 18, 'Praesent id massa id nisl venenatis lacinia. Aenean sit amet justo. Morbi ut odio.', '2022-09-13 22:24:57', 'Antonino', '2022-06-21 10:56:08', 'Haley');
insert into article_comment (user_id, article_id, content, created_at, created_by, modified_at, modified_by) values ('yessm621', 9, 'Proin eu mi. Nulla ac enim. In tempor, turpis nec euismod scelerisque, quam turpis adipiscing lorem, vitae mattis nibh ligula nec sem.', '2022-12-24 03:50:06', 'Adelle', '2023-01-17 02:32:15', 'Michael');
insert into article_comment (user_id, article_id, content, created_at, created_by, modified_at, modified_by) values ('yessm621', 56, 'Praesent id massa id nisl venenatis lacinia. Aenean sit amet justo. Morbi ut odio.', '2022-05-01 07:39:01', 'Rex', '2022-05-04 14:31:14', 'Bartholemy');
insert into article_comment (user_id, article_id, content, created_at, created_by, modified_at, modified_by) values ('yessm621', 38, 'Curabitur at ipsum ac tellus semper interdum. Mauris ullamcorper purus sit amet nulla. Quisque arcu libero, rutrum ac, lobortis vel, dapibus at, diam.', '2023-04-12 22:31:26', 'Dorine', '2023-03-06 14:54:15', 'Vinita');
insert into article_comment (user_id, article_id, content, created_at, created_by, modified_at, modified_by) values ('yessm621', 57, 'Morbi porttitor lorem id ligula. Suspendisse ornare consequat lectus. In est risus, auctor sed, tristique in, tempus sit amet, sem.', '2022-06-15 14:54:42', 'Chloe', '2022-05-30 22:27:13', 'Dionne');
insert into article_comment (user_id, article_id, content, created_at, created_by, modified_at, modified_by) values ('yessm621', 51, 'Pellentesque at nulla. Suspendisse potenti. Cras in purus eu magna vulputate luctus.', '2023-02-28 12:56:28', 'Indira', '2022-08-25 06:16:05', 'Cody');
insert into article_comment (user_id, article_id, content, created_at, created_by, modified_at, modified_by) values ('yessm621', 81, 'Cras non velit nec nisi vulputate nonummy. Maecenas tincidunt lacus at velit. Vivamus vel nulla eget eros elementum pellentesque.', '2023-04-09 05:04:27', 'Richard', '2022-05-14 09:54:52', 'Anatole');
insert into article_comment (user_id, article_id, content, created_at, created_by, modified_at, modified_by) values ('yessm621', 42, 'Proin leo odio, porttitor id, consequat in, consequat ut, nulla. Sed accumsan felis. Ut at dolor quis odio consequat varius.', '2022-06-12 17:03:59', 'Eryn', '2022-06-11 02:39:45', 'Hewe');
insert into article_comment (user_id, article_id, content, created_at, created_by, modified_at, modified_by) values ('yessm621', 20, 'Duis bibendum, felis sed interdum venenatis, turpis enim blandit mi, in porttitor pede justo eu massa. Donec dapibus. Duis at velit eu est congue elementum.', '2022-12-15 01:03:41', 'Carlo', '2022-06-08 13:56:22', 'Tammy');
insert into article_comment (user_id, article_id, content, created_at, created_by, modified_at, modified_by) values ('yessm621', 32, 'Quisque porta volutpat erat. Quisque erat eros, viverra eget, congue eget, semper rutrum, nulla. Nunc purus.', '2022-05-13 05:21:46', 'Crissie', '2023-03-12 00:27:11', 'Chiarra');
insert into article_comment (user_id, article_id, content, created_at, created_by, modified_at, modified_by) values ('yessm621', 2, 'Maecenas leo odio, condimentum id, luctus nec, molestie sed, justo. Pellentesque viverra pede ac diam. Cras pellentesque volutpat dui.', '2022-05-24 16:11:09', 'Lemmie', '2022-05-14 22:07:19', 'Euphemia');
insert into article_comment (user_id, article_id, content, created_at, created_by, modified_at, modified_by) values ('yessm621', 80, 'Phasellus in felis. Donec semper sapien a libero. Nam dui.', '2022-09-12 11:03:28', 'Arabelle', '2023-02-22 19:09:37', 'Celestine');
insert into article_comment (user_id, article_id, content, created_at, created_by, modified_at, modified_by) values ('yessm621', 52, 'Duis bibendum. Morbi non quam nec dui luctus rutrum. Nulla tellus.', '2023-02-11 01:43:31', 'Livvie', '2023-01-25 17:47:39', 'Riley');
insert into article_comment (user_id, article_id, content, created_at, created_by, modified_at, modified_by) values ('yessm621', 54, 'Etiam vel augue. Vestibulum rutrum rutrum neque. Aenean auctor gravida sem.', '2022-09-18 09:01:42', 'Salaidh', '2022-07-29 09:50:52', 'Jewell');
insert into article_comment (user_id, article_id, content, created_at, created_by, modified_at, modified_by) values ('yessm621', 87, 'Fusce posuere felis sed lacus. Morbi sem mauris, laoreet ut, rhoncus aliquet, pulvinar sed, nisl. Nunc rhoncus dui vel sem.', '2022-06-17 20:24:13', 'Carri', '2023-01-06 06:02:22', 'Godiva');
insert into article_comment (user_id, article_id, content, created_at, created_by, modified_at, modified_by) values ('yessm621', 16, 'Sed sagittis. Nam congue, risus semper porta volutpat, quam pede lobortis ligula, sit amet eleifend pede libero quis orci. Nullam molestie nibh in lectus.', '2022-08-12 15:06:19', 'Ainsley', '2022-11-12 07:42:33', 'Marcos');
insert into article_comment (user_id, article_id, content, created_at, created_by, modified_at, modified_by) values ('yessm621', 78, 'Fusce consequat. Nulla nisl. Nunc nisl.', '2022-06-04 15:28:43', 'Leyla', '2023-01-19 15:09:19', 'Emelia');
insert into article_comment (user_id, article_id, content, created_at, created_by, modified_at, modified_by) values ('yessm621', 8, 'Quisque porta volutpat erat. Quisque erat eros, viverra eget, congue eget, semper rutrum, nulla. Nunc purus.', '2023-04-24 10:33:18', 'Elie', '2022-11-06 12:23:37', 'Madelaine');
insert into article_comment (user_id, article_id, content, created_at, created_by, modified_at, modified_by) values ('yessm621', 37, 'Nullam porttitor lacus at turpis. Donec posuere metus vitae ipsum. Aliquam non mauris.', '2022-11-14 11:44:45', 'Rory', '2022-12-19 08:22:37', 'Karyl');
insert into article_comment (user_id, article_id, content, created_at, created_by, modified_at, modified_by) values ('yessm621', 13, 'Phasellus sit amet erat. Nulla tempus. Vivamus in felis eu sapien cursus vestibulum.', '2022-08-20 19:56:07', 'Kermie', '2022-12-17 16:43:07', 'Obidiah');
insert into article_comment (user_id, article_id, content, created_at, created_by, modified_at, modified_by) values ('yessm621', 92, 'Maecenas tristique, est et tempus semper, est quam pharetra magna, ac consequat metus sapien ut nunc. Vestibulum ante ipsum primis in faucibus orci luctus et ultrices posuere cubilia Curae; Mauris viverra diam vitae quam. Suspendisse potenti.', '2022-11-20 12:58:33', 'Simon', '2022-07-16 16:07:06', 'Zitella');
insert into article_comment (user_id, article_id, content, created_at, created_by, modified_at, modified_by) values ('yessm621', 95, 'Cras non velit nec nisi vulputate nonummy. Maecenas tincidunt lacus at velit. Vivamus vel nulla eget eros elementum pellentesque.', '2022-07-13 03:40:45', 'Price', '2022-06-06 15:00:31', 'Woody');
insert into article_comment (user_id, article_id, content, created_at, created_by, modified_at, modified_by) values ('yessm621', 31, 'Curabitur gravida nisi at nibh. In hac habitasse platea dictumst. Aliquam augue quam, sollicitudin vitae, consectetuer eget, rutrum at, lorem.', '2022-05-08 04:19:14', 'Knox', '2022-11-09 16:57:42', 'Rosette');
insert into article_comment (user_id, article_id, content, created_at, created_by, modified_at, modified_by) values ('yessm621', 81, 'Integer ac leo. Pellentesque ultrices mattis odio. Donec vitae nisi.', '2022-11-13 04:09:58', 'Jamill', '2023-01-18 05:08:14', 'Cathrin');
insert into article_comment (user_id, article_id, content, created_at, created_by, modified_at, modified_by) values ('yessm621', 55, 'Cum sociis natoque penatibus et magnis dis parturient montes, nascetur ridiculus mus. Vivamus vestibulum sagittis sapien. Cum sociis natoque penatibus et magnis dis parturient montes, nascetur ridiculus mus.', '2022-10-29 17:16:26', 'Libbey', '2022-08-03 16:06:05', 'Rodge');
insert into article_comment (user_id, article_id, content, created_at, created_by, modified_at, modified_by) values ('yessm621', 29, 'Nullam porttitor lacus at turpis. Donec posuere metus vitae ipsum. Aliquam non mauris.', '2022-11-01 18:36:20', 'Zarah', '2023-03-04 10:16:38', 'Peria');
insert into article_comment (user_id, article_id, content, created_at, created_by, modified_at, modified_by) values ('yessm621', 25, 'Pellentesque at nulla. Suspendisse potenti. Cras in purus eu magna vulputate luctus.', '2023-02-13 11:05:32', 'Yorgo', '2022-08-26 20:37:31', 'Rowan');
insert into article_comment (user_id, article_id, content, created_at, created_by, modified_at, modified_by) values ('yessm621', 4, 'Morbi porttitor lorem id ligula. Suspendisse ornare consequat lectus. In est risus, auctor sed, tristique in, tempus sit amet, sem.', '2022-07-15 04:21:50', 'Glynda', '2022-05-21 07:02:58', 'Johnnie');
insert into article_comment (user_id, article_id, content, created_at, created_by, modified_at, modified_by) values ('yessm621', 26, 'Cras non velit nec nisi vulputate nonummy. Maecenas tincidunt lacus at velit. Vivamus vel nulla eget eros elementum pellentesque.', '2022-11-15 04:00:15', 'Teriann', '2022-09-10 09:09:01', 'Orsa');
insert into article_comment (user_id, article_id, content, created_at, created_by, modified_at, modified_by) values ('yessm621', 34, 'Vestibulum quam sapien, varius ut, blandit non, interdum in, ante. Vestibulum ante ipsum primis in faucibus orci luctus et ultrices posuere cubilia Curae; Duis faucibus accumsan odio. Curabitur convallis.', '2022-10-06 09:33:26', 'Hunter', '2022-05-02 10:14:31', 'Giselbert');
insert into article_comment (user_id, article_id, content, created_at, created_by, modified_at, modified_by) values ('yessm621', 64, 'In hac habitasse platea dictumst. Morbi vestibulum, velit id pretium iaculis, diam erat fermentum justo, nec condimentum neque sapien placerat ante. Nulla justo.', '2022-10-05 12:55:44', 'Sydelle', '2022-10-07 14:19:23', 'Haley');
insert into article_comment (user_id, article_id, content, created_at, created_by, modified_at, modified_by) values ('yessm621', 6, 'Vestibulum quam sapien, varius ut, blandit non, interdum in, ante. Vestibulum ante ipsum primis in faucibus orci luctus et ultrices posuere cubilia Curae; Duis faucibus accumsan odio. Curabitur convallis.', '2023-04-14 12:34:13', 'Madelle', '2023-02-23 23:07:25', 'Vera');
insert into article_comment (user_id, article_id, content, created_at, created_by, modified_at, modified_by) values ('yessm621', 10, 'Duis bibendum. Morbi non quam nec dui luctus rutrum. Nulla tellus.', '2022-06-18 09:26:42', 'Julietta', '2022-06-18 05:15:18', 'Cortney');
insert into article_comment (user_id, article_id, content, created_at, created_by, modified_at, modified_by) values ('yessm621', 25, 'Praesent blandit. Nam nulla. Integer pede justo, lacinia eget, tincidunt eget, tempus vel, pede.', '2023-04-06 17:26:55', 'Parnell', '2022-12-09 06:12:36', 'Cordi');
insert into article_comment (user_id, article_id, content, created_at, created_by, modified_at, modified_by) values ('yessm621', 31, 'Nullam porttitor lacus at turpis. Donec posuere metus vitae ipsum. Aliquam non mauris.', '2023-01-17 17:50:24', 'Audi', '2022-11-21 18:49:48', 'Elwyn');
insert into article_comment (user_id, article_id, content, created_at, created_by, modified_at, modified_by) values ('yessm621', 2, 'Duis bibendum. Morbi non quam nec dui luctus rutrum. Nulla tellus.', '2022-06-10 05:51:21', 'Giacinta', '2022-09-14 07:49:45', 'Noam');
insert into article_comment (user_id, article_id, content, created_at, created_by, modified_at, modified_by) values ('yessm621', 10, 'Maecenas leo odio, condimentum id, luctus nec, molestie sed, justo. Pellentesque viverra pede ac diam. Cras pellentesque volutpat dui.', '2023-03-10 22:35:21', 'Sinclair', '2022-10-17 12:38:00', 'Obie');
insert into article_comment (user_id, article_id, content, created_at, created_by, modified_at, modified_by) values ('yessm621', 42, 'Cum sociis natoque penatibus et magnis dis parturient montes, nascetur ridiculus mus. Vivamus vestibulum sagittis sapien. Cum sociis natoque penatibus et magnis dis parturient montes, nascetur ridiculus mus.', '2022-05-16 10:56:06', 'Araldo', '2022-11-24 00:07:54', 'Ignacio');
insert into article_comment (user_id, article_id, content, created_at, created_by, modified_at, modified_by) values ('yessm621', 14, 'Curabitur gravida nisi at nibh. In hac habitasse platea dictumst. Aliquam augue quam, sollicitudin vitae, consectetuer eget, rutrum at, lorem.', '2022-09-24 12:17:41', 'Trenton', '2023-01-21 20:41:18', 'Carly');
insert into article_comment (user_id, article_id, content, created_at, created_by, modified_at, modified_by) values ('yessm621', 88, 'Proin leo odio, porttitor id, consequat in, consequat ut, nulla. Sed accumsan felis. Ut at dolor quis odio consequat varius.', '2023-01-25 08:26:49', 'Christabel', '2022-11-26 01:39:37', 'Marilee');
insert into article_comment (user_id, article_id, content, created_at, created_by, modified_at, modified_by) values ('yessm621', 59, 'Lorem ipsum dolor sit amet, consectetuer adipiscing elit. Proin risus. Praesent lectus.', '2023-01-12 04:21:13', 'Ashleigh', '2022-12-09 23:31:59', 'Gena');
insert into article_comment (user_id, article_id, content, created_at, created_by, modified_at, modified_by) values ('yessm621', 30, 'Quisque porta volutpat erat. Quisque erat eros, viverra eget, congue eget, semper rutrum, nulla. Nunc purus.', '2022-10-08 16:40:29', 'Chad', '2022-09-09 21:58:20', 'Henrie');
insert into article_comment (user_id, article_id, content, created_at, created_by, modified_at, modified_by) values ('yessm621', 85, 'Morbi non lectus. Aliquam sit amet diam in magna bibendum imperdiet. Nullam orci pede, venenatis non, sodales sed, tincidunt eu, felis.', '2023-01-06 21:57:51', 'Selena', '2022-12-15 08:20:24', 'Cathleen');
insert into article_comment (user_id, article_id, content, created_at, created_by, modified_at, modified_by) values ('yessm621', 29, 'Cum sociis natoque penatibus et magnis dis parturient montes, nascetur ridiculus mus. Vivamus vestibulum sagittis sapien. Cum sociis natoque penatibus et magnis dis parturient montes, nascetur ridiculus mus.', '2022-10-25 22:35:01', 'Ginnie', '2022-11-15 00:02:41', 'Iris');
insert into article_comment (user_id, article_id, content, created_at, created_by, modified_at, modified_by) values ('yessm621', 88, 'Vestibulum quam sapien, varius ut, blandit non, interdum in, ante. Vestibulum ante ipsum primis in faucibus orci luctus et ultrices posuere cubilia Curae; Duis faucibus accumsan odio. Curabitur convallis.', '2022-12-21 19:13:51', 'Bertrando', '2022-12-03 18:01:14', 'Albie');
insert into article_comment (user_id, article_id, content, created_at, created_by, modified_at, modified_by) values ('yessm621', 80, 'Fusce posuere felis sed lacus. Morbi sem mauris, laoreet ut, rhoncus aliquet, pulvinar sed, nisl. Nunc rhoncus dui vel sem.', '2022-10-27 12:16:30', 'Vilma', '2022-10-31 10:13:42', 'Vivien');
insert into article_comment (user_id, article_id, content, created_at, created_by, modified_at, modified_by) values ('yessm621', 60, 'In congue. Etiam justo. Etiam pretium iaculis justo.', '2022-05-06 17:18:29', 'Lorna', '2022-12-29 00:20:41', 'Beatrisa');
insert into article_comment (user_id, article_id, content, created_at, created_by, modified_at, modified_by) values ('yessm621', 17, 'Cum sociis natoque penatibus et magnis dis parturient montes, nascetur ridiculus mus. Vivamus vestibulum sagittis sapien. Cum sociis natoque penatibus et magnis dis parturient montes, nascetur ridiculus mus.', '2023-01-19 03:12:54', 'Antonio', '2022-04-30 23:55:33', 'Tisha');
insert into article_comment (user_id, article_id, content, created_at, created_by, modified_at, modified_by) values ('yessm621', 83, 'In sagittis dui vel nisl. Duis ac nibh. Fusce lacus purus, aliquet at, feugiat non, pretium quis, lectus.', '2022-10-18 18:51:32', 'Ali', '2023-02-21 17:13:28', 'Jaquelyn');
insert into article_comment (user_id, article_id, content, created_at, created_by, modified_at, modified_by) values ('yessm621', 79, 'In quis justo. Maecenas rhoncus aliquam lacus. Morbi quis tortor id nulla ultrices aliquet.', '2022-07-10 17:19:52', 'Amelia', '2022-09-18 23:18:56', 'Gert');
insert into article_comment (user_id, article_id, content, created_at, created_by, modified_at, modified_by) values ('yessm621', 59, 'Integer ac leo. Pellentesque ultrices mattis odio. Donec vitae nisi.', '2022-05-14 02:15:37', 'Baily', '2023-01-11 00:25:37', 'Berkeley');
insert into article_comment (user_id, article_id, content, created_at, created_by, modified_at, modified_by) values ('yessm621', 79, 'Praesent blandit. Nam nulla. Integer pede justo, lacinia eget, tincidunt eget, tempus vel, pede.', '2022-10-11 15:05:49', 'Leilah', '2023-04-13 08:59:57', 'Reamonn');
insert into article_comment (user_id, article_id, content, created_at, created_by, modified_at, modified_by) values ('yessm621', 88, 'Duis bibendum. Morbi non quam nec dui luctus rutrum. Nulla tellus.', '2023-04-01 19:06:50', 'Hatty', '2022-07-26 16:15:52', 'Alonzo');
insert into article_comment (user_id, article_id, content, created_at, created_by, modified_at, modified_by) values ('yessm621', 55, 'In congue. Etiam justo. Etiam pretium iaculis justo.', '2022-09-10 13:25:07', 'Jocelyne', '2022-10-10 05:57:53', 'Chase');
insert into article_comment (user_id, article_id, content, created_at, created_by, modified_at, modified_by) values ('yessm621', 15, 'Nullam sit amet turpis elementum ligula vehicula consequat. Morbi a ipsum. Integer a nibh.', '2022-05-20 21:28:38', 'Viv', '2022-06-11 14:56:34', 'Alleen');
insert into article_comment (user_id, article_id, content, created_at, created_by, modified_at, modified_by) values ('yessm621', 86, 'Phasellus sit amet erat. Nulla tempus. Vivamus in felis eu sapien cursus vestibulum.', '2022-12-19 18:11:26', 'Nicolai', '2022-11-01 17:37:51', 'Evin');
insert into article_comment (user_id, article_id, content, created_at, created_by, modified_at, modified_by) values ('yessm621', 86, 'Suspendisse potenti. In eleifend quam a odio. In hac habitasse platea dictumst.', '2022-12-01 15:42:04', 'Talbert', '2022-07-06 11:12:18', 'Annabelle');
insert into article_comment (user_id, article_id, content, created_at, created_by, modified_at, modified_by) values ('yessm621', 87, 'Duis aliquam convallis nunc. Proin at turpis a pede posuere nonummy. Integer non velit.', '2023-02-13 16:04:46', 'Kyle', '2023-03-20 04:40:33', 'Clareta');
insert into article_comment (user_id, article_id, content, created_at, created_by, modified_at, modified_by) values ('yessm621', 12, 'Cras mi pede, malesuada in, imperdiet et, commodo vulputate, justo. In blandit ultrices enim. Lorem ipsum dolor sit amet, consectetuer adipiscing elit.', '2022-11-22 00:04:47', 'Mona', '2022-05-12 08:15:25', 'Truda');
insert into article_comment (user_id, article_id, content, created_at, created_by, modified_at, modified_by) values ('yessm621', 97, 'Quisque porta volutpat erat. Quisque erat eros, viverra eget, congue eget, semper rutrum, nulla. Nunc purus.', '2023-01-15 08:38:23', 'Doroteya', '2022-05-07 04:21:44', 'Keir');
insert into article_comment (user_id, article_id, content, created_at, created_by, modified_at, modified_by) values ('yessm621', 30, 'Phasellus in felis. Donec semper sapien a libero. Nam dui.', '2022-12-19 07:20:34', 'Valencia', '2022-10-08 09:10:03', 'Tiffie');
insert into article_comment (user_id, article_id, content, created_at, created_by, modified_at, modified_by) values ('yessm621', 11, 'Vestibulum ac est lacinia nisi venenatis tristique. Fusce congue, diam id ornare imperdiet, sapien urna pretium nisl, ut volutpat sapien arcu sed augue. Aliquam erat volutpat.', '2022-12-18 20:23:31', 'Marcelline', '2022-07-28 23:46:16', 'Olva');
insert into article_comment (user_id, article_id, content, created_at, created_by, modified_at, modified_by) values ('yessm621', 58, 'In quis justo. Maecenas rhoncus aliquam lacus. Morbi quis tortor id nulla ultrices aliquet.', '2022-11-27 02:15:43', 'Sayre', '2022-11-16 15:42:29', 'Yves');
insert into article_comment (user_id, article_id, content, created_at, created_by, modified_at, modified_by) values ('yessm621', 81, 'Lorem ipsum dolor sit amet, consectetuer adipiscing elit. Proin risus. Praesent lectus.', '2023-02-26 14:32:22', 'Johan', '2022-09-21 23:21:57', 'Lexy');
insert into article_comment (user_id, article_id, content, created_at, created_by, modified_at, modified_by) values ('yessm621', 53, 'Pellentesque at nulla. Suspendisse potenti. Cras in purus eu magna vulputate luctus.', '2023-02-26 23:21:55', 'Elliott', '2022-12-06 19:53:53', 'Florian');
insert into article_comment (user_id, article_id, content, created_at, created_by, modified_at, modified_by) values ('yessm621', 17, 'In sagittis dui vel nisl. Duis ac nibh. Fusce lacus purus, aliquet at, feugiat non, pretium quis, lectus.', '2023-01-29 09:21:09', 'Honey', '2022-07-26 23:09:19', 'Lilia');
insert into article_comment (user_id, article_id, content, created_at, created_by, modified_at, modified_by) values ('yessm621', 32, 'Morbi porttitor lorem id ligula. Suspendisse ornare consequat lectus. In est risus, auctor sed, tristique in, tempus sit amet, sem.', '2023-04-20 16:55:51', 'Maggi', '2022-11-20 03:02:31', 'Dayle');
insert into article_comment (user_id, article_id, content, created_at, created_by, modified_at, modified_by) values ('yessm621', 50, 'Pellentesque at nulla. Suspendisse potenti. Cras in purus eu magna vulputate luctus.', '2023-01-11 02:53:40', 'Cordelia', '2022-12-04 18:46:47', 'Ibby');
insert into article_comment (user_id, article_id, content, created_at, created_by, modified_at, modified_by) values ('yessm621', 22, 'Quisque id justo sit amet sapien dignissim vestibulum. Vestibulum ante ipsum primis in faucibus orci luctus et ultrices posuere cubilia Curae; Nulla dapibus dolor vel est. Donec odio justo, sollicitudin ut, suscipit a, feugiat et, eros.', '2022-08-10 13:27:55', 'Minetta', '2023-02-12 12:08:24', 'Shurwood');
insert into article_comment (user_id, article_id, content, created_at, created_by, modified_at, modified_by) values ('yessm621', 15, 'Phasellus sit amet erat. Nulla tempus. Vivamus in felis eu sapien cursus vestibulum.', '2023-02-16 06:48:59', 'Arley', '2023-01-12 14:01:17', 'Bill');
insert into article_comment (user_id, article_id, content, created_at, created_by, modified_at, modified_by) values ('yessm621', 61, 'Phasellus sit amet erat. Nulla tempus. Vivamus in felis eu sapien cursus vestibulum.', '2023-04-15 08:06:18', 'Kissie', '2022-09-01 11:08:50', 'Valerie');
insert into article_comment (user_id, article_id, content, created_at, created_by, modified_at, modified_by) values ('yessm621', 36, 'Cum sociis natoque penatibus et magnis dis parturient montes, nascetur ridiculus mus. Vivamus vestibulum sagittis sapien. Cum sociis natoque penatibus et magnis dis parturient montes, nascetur ridiculus mus.', '2022-11-02 07:13:54', 'Willamina', '2022-07-28 15:38:54', 'Rebecka');
insert into article_comment (user_id, article_id, content, created_at, created_by, modified_at, modified_by) values ('yessm621', 57, 'Integer tincidunt ante vel ipsum. Praesent blandit lacinia erat. Vestibulum sed magna at nunc commodo placerat.', '2022-08-27 11:31:07', 'Veriee', '2023-04-15 16:20:24', 'Boothe');
insert into article_comment (user_id, article_id, content, created_at, created_by, modified_at, modified_by) values ('yessm621', 92, 'Curabitur in libero ut massa volutpat convallis. Morbi odio odio, elementum eu, interdum eu, tincidunt in, leo. Maecenas pulvinar lobortis est.', '2022-09-07 01:44:59', 'Imojean', '2022-10-20 00:03:16', 'Kurtis');
insert into article_comment (user_id, article_id, content, created_at, created_by, modified_at, modified_by) values ('yessm621', 60, 'In sagittis dui vel nisl. Duis ac nibh. Fusce lacus purus, aliquet at, feugiat non, pretium quis, lectus.', '2022-07-07 01:48:43', 'Daffi', '2023-02-08 22:21:42', 'Margery');
insert into article_comment (user_id, article_id, content, created_at, created_by, modified_at, modified_by) values ('yessm621', 85, 'Phasellus in felis. Donec semper sapien a libero. Nam dui.', '2022-12-16 08:24:30', 'Jorrie', '2023-02-02 05:02:08', 'Gerrie');
insert into article_comment (user_id, article_id, content, created_at, created_by, modified_at, modified_by) values ('yessm621', 51, 'Lorem ipsum dolor sit amet, consectetuer adipiscing elit. Proin risus. Praesent lectus.', '2022-11-21 04:46:24', 'Allin', '2022-07-09 20:15:58', 'Towny');
insert into article_comment (user_id, article_id, content, created_at, created_by, modified_at, modified_by) values ('yessm621', 43, 'Sed ante. Vivamus tortor. Duis mattis egestas metus.', '2023-02-05 16:12:52', 'Greer', '2023-03-25 09:55:57', 'Regen');
insert into article_comment (user_id, article_id, content, created_at, created_by, modified_at, modified_by) values ('yessm621', 59, 'Maecenas ut massa quis augue luctus tincidunt. Nulla mollis molestie lorem. Quisque ut erat.', '2022-06-10 16:44:17', 'Lyle', '2023-03-29 03:19:50', 'Kippar');
insert into article_comment (user_id, article_id, content, created_at, created_by, modified_at, modified_by) values ('yessm621', 39, 'Aenean fermentum. Donec ut mauris eget massa tempor convallis. Nulla neque libero, convallis eget, eleifend luctus, ultricies eu, nibh.', '2022-06-15 04:31:07', 'Adrianna', '2023-03-04 19:15:21', 'Sinclair');
insert into article_comment (user_id, article_id, content, created_at, created_by, modified_at, modified_by) values ('yessm621', 1, 'Maecenas tristique, est et tempus semper, est quam pharetra magna, ac consequat metus sapien ut nunc. Vestibulum ante ipsum primis in faucibus orci luctus et ultrices posuere cubilia Curae; Mauris viverra diam vitae quam. Suspendisse potenti.', '2023-01-21 12:33:49', 'Carole', '2022-11-17 05:16:04', 'Velvet');
insert into article_comment (user_id, article_id, content, created_at, created_by, modified_at, modified_by) values ('yessm621', 13, 'In quis justo. Maecenas rhoncus aliquam lacus. Morbi quis tortor id nulla ultrices aliquet.', '2023-03-10 02:44:03', 'Afton', '2023-03-01 23:57:46', 'Craig');
insert into article_comment (user_id, article_id, content, created_at, created_by, modified_at, modified_by) values ('yessm621', 72, 'Suspendisse potenti. In eleifend quam a odio. In hac habitasse platea dictumst.', '2022-05-09 21:57:06', 'Sven', '2022-12-31 03:02:36', 'Hamil');
insert into article_comment (user_id, article_id, content, created_at, created_by, modified_at, modified_by) values ('yessm621', 24, 'Maecenas leo odio, condimentum id, luctus nec, molestie sed, justo. Pellentesque viverra pede ac diam. Cras pellentesque volutpat dui.', '2022-06-02 08:43:55', 'Isobel', '2022-05-28 17:38:44', 'Bette-ann');
insert into article_comment (user_id, article_id, content, created_at, created_by, modified_at, modified_by) values ('yessm621', 87, 'Proin leo odio, porttitor id, consequat in, consequat ut, nulla. Sed accumsan felis. Ut at dolor quis odio consequat varius.', '2022-07-09 15:43:07', 'Cammy', '2022-07-13 14:22:59', 'Lorette');
insert into article_comment (user_id, article_id, content, created_at, created_by, modified_at, modified_by) values ('yessm621', 28, 'Praesent id massa id nisl venenatis lacinia. Aenean sit amet justo. Morbi ut odio.', '2022-08-07 21:39:00', 'Ancell', '2022-08-05 04:30:06', 'Almeda');
insert into article_comment (user_id, article_id, content, created_at, created_by, modified_at, modified_by) values ('yessm621', 17, 'Pellentesque at nulla. Suspendisse potenti. Cras in purus eu magna vulputate luctus.', '2022-10-27 23:34:54', 'Nerti', '2022-08-03 13:49:34', 'Dunc');
insert into article_comment (user_id, article_id, content, created_at, created_by, modified_at, modified_by) values ('yessm621', 75, 'Maecenas ut massa quis augue luctus tincidunt. Nulla mollis molestie lorem. Quisque ut erat.', '2023-01-25 21:27:41', 'Luca', '2022-10-06 23:23:39', 'Amabel');
insert into article_comment (user_id, article_id, content, created_at, created_by, modified_at, modified_by) values ('yessm621', 29, 'Quisque id justo sit amet sapien dignissim vestibulum. Vestibulum ante ipsum primis in faucibus orci luctus et ultrices posuere cubilia Curae; Nulla dapibus dolor vel est. Donec odio justo, sollicitudin ut, suscipit a, feugiat et, eros.', '2022-11-16 22:25:26', 'Kissee', '2022-12-17 06:11:31', 'Enoch');
insert into article_comment (user_id, article_id, content, created_at, created_by, modified_at, modified_by) values ('yessm621', 65, 'Aliquam quis turpis eget elit sodales scelerisque. Mauris sit amet eros. Suspendisse accumsan tortor quis turpis.', '2022-12-18 08:26:30', 'Fielding', '2022-10-21 10:29:24', 'Merrie');
insert into article_comment (user_id, article_id, content, created_at, created_by, modified_at, modified_by) values ('yessm621', 94, 'Integer tincidunt ante vel ipsum. Praesent blandit lacinia erat. Vestibulum sed magna at nunc commodo placerat.', '2022-11-08 19:41:52', 'Dollie', '2023-03-30 20:49:44', 'Ebenezer');
insert into article_comment (user_id, article_id, content, created_at, created_by, modified_at, modified_by) values ('yessm621', 84, 'Sed sagittis. Nam congue, risus semper porta volutpat, quam pede lobortis ligula, sit amet eleifend pede libero quis orci. Nullam molestie nibh in lectus.', '2022-05-12 11:07:44', 'Bruis', '2023-01-06 18:11:16', 'Mala');
insert into article_comment (user_id, article_id, content, created_at, created_by, modified_at, modified_by) values ('yessm621', 65, 'Mauris enim leo, rhoncus sed, vestibulum sit amet, cursus id, turpis. Integer aliquet, massa id lobortis convallis, tortor risus dapibus augue, vel accumsan tellus nisi eu orci. Mauris lacinia sapien quis libero.', '2022-08-23 02:49:10', 'Robert', '2022-06-13 18:15:34', 'Charlene');
insert into article_comment (user_id, article_id, content, created_at, created_by, modified_at, modified_by) values ('yessm621', 88, 'Proin interdum mauris non ligula pellentesque ultrices. Phasellus id sapien in sapien iaculis congue. Vivamus metus arcu, adipiscing molestie, hendrerit at, vulputate vitae, nisl.', '2022-05-08 00:11:12', 'Kennedy', '2023-01-25 12:34:23', 'Teodoro');
insert into article_comment (user_id, article_id, content, created_at, created_by, modified_at, modified_by) values ('yessm621', 77, 'Duis consequat dui nec nisi volutpat eleifend. Donec ut dolor. Morbi vel lectus in quam fringilla rhoncus.', '2022-06-13 13:41:33', 'Janna', '2022-08-03 15:00:45', 'Ferdinande');
insert into article_comment (user_id, article_id, content, created_at, created_by, modified_at, modified_by) values ('yessm621', 37, 'Maecenas tristique, est et tempus semper, est quam pharetra magna, ac consequat metus sapien ut nunc. Vestibulum ante ipsum primis in faucibus orci luctus et ultrices posuere cubilia Curae; Mauris viverra diam vitae quam. Suspendisse potenti.', '2022-10-12 08:34:05', 'Jobi', '2022-07-27 03:21:19', 'Nickie');
insert into article_comment (user_id, article_id, content, created_at, created_by, modified_at, modified_by) values ('yessm621', 94, 'Lorem ipsum dolor sit amet, consectetuer adipiscing elit. Proin risus. Praesent lectus.', '2022-11-29 00:43:12', 'Welby', '2023-04-06 15:16:23', 'Annetta');
insert into article_comment (user_id, article_id, content, created_at, created_by, modified_at, modified_by) values ('yessm621', 39, 'In congue. Etiam justo. Etiam pretium iaculis justo.', '2023-02-20 01:12:42', 'Yard', '2023-03-10 01:07:57', 'Rriocard');
insert into article_comment (user_id, article_id, content, created_at, created_by, modified_at, modified_by) values ('yessm621', 18, 'Duis aliquam convallis nunc. Proin at turpis a pede posuere nonummy. Integer non velit.', '2023-04-20 23:36:45', 'Vite', '2023-01-02 20:38:08', 'Kalinda');
insert into article_comment (user_id, article_id, content, created_at, created_by, modified_at, modified_by) values ('yessm621', 72, 'Duis bibendum, felis sed interdum venenatis, turpis enim blandit mi, in porttitor pede justo eu massa. Donec dapibus. Duis at velit eu est congue elementum.', '2022-07-10 00:48:33', 'Vonnie', '2022-09-27 18:37:46', 'Birk');
insert into article_comment (user_id, article_id, content, created_at, created_by, modified_at, modified_by) values ('yessm621', 52, 'Mauris enim leo, rhoncus sed, vestibulum sit amet, cursus id, turpis. Integer aliquet, massa id lobortis convallis, tortor risus dapibus augue, vel accumsan tellus nisi eu orci. Mauris lacinia sapien quis libero.', '2023-02-11 17:28:19', 'Wendy', '2022-10-29 14:27:36', 'Thebault');
insert into article_comment (user_id, article_id, content, created_at, created_by, modified_at, modified_by) values ('yessm621', 86, 'Duis bibendum. Morbi non quam nec dui luctus rutrum. Nulla tellus.', '2022-06-14 06:26:59', 'Fonzie', '2022-11-30 23:28:39', 'Frederigo');
insert into article_comment (user_id, article_id, content, created_at, created_by, modified_at, modified_by) values ('yessm621', 1, 'Suspendisse potenti. In eleifend quam a odio. In hac habitasse platea dictumst.', '2022-09-29 02:33:11', 'Elvyn', '2022-10-22 13:37:52', 'Willi');
insert into article_comment (user_id, article_id, content, created_at, created_by, modified_at, modified_by) values ('yessm621', 11, 'Nam ultrices, libero non mattis pulvinar, nulla pede ullamcorper augue, a suscipit nulla elit ac nulla. Sed vel enim sit amet nunc viverra dapibus. Nulla suscipit ligula in lacus.', '2022-08-21 06:18:28', 'Leesa', '2022-08-18 03:36:38', 'Reiko');
insert into article_comment (user_id, article_id, content, created_at, created_by, modified_at, modified_by) values ('yessm621', 77, 'Proin leo odio, porttitor id, consequat in, consequat ut, nulla. Sed accumsan felis. Ut at dolor quis odio consequat varius.', '2022-11-17 15:06:17', 'Dulcie', '2023-04-07 19:46:45', 'Meade');
insert into article_comment (user_id, article_id, content, created_at, created_by, modified_at, modified_by) values ('yessm621', 28, 'Duis aliquam convallis nunc. Proin at turpis a pede posuere nonummy. Integer non velit.', '2022-08-22 04:13:35', 'Danielle', '2023-04-08 13:45:16', 'Laurie');
insert into article_comment (user_id, article_id, content, created_at, created_by, modified_at, modified_by) values ('yessm621', 56, 'Vestibulum ac est lacinia nisi venenatis tristique. Fusce congue, diam id ornare imperdiet, sapien urna pretium nisl, ut volutpat sapien arcu sed augue. Aliquam erat volutpat.', '2022-05-17 07:01:08', 'Peyton', '2022-06-16 16:35:05', 'Doe');
insert into article_comment (user_id, article_id, content, created_at, created_by, modified_at, modified_by) values ('yessm621', 17, 'Nam ultrices, libero non mattis pulvinar, nulla pede ullamcorper augue, a suscipit nulla elit ac nulla. Sed vel enim sit amet nunc viverra dapibus. Nulla suscipit ligula in lacus.', '2022-07-18 19:18:57', 'Letisha', '2022-06-26 14:17:41', 'Norbie');
insert into article_comment (user_id, article_id, content, created_at, created_by, modified_at, modified_by) values ('yessm621', 54, 'Cras non velit nec nisi vulputate nonummy. Maecenas tincidunt lacus at velit. Vivamus vel nulla eget eros elementum pellentesque.', '2022-12-20 07:47:12', 'Robena', '2022-12-30 06:11:47', 'Larry');
insert into article_comment (user_id, article_id, content, created_at, created_by, modified_at, modified_by) values ('yessm621', 50, 'In hac habitasse platea dictumst. Morbi vestibulum, velit id pretium iaculis, diam erat fermentum justo, nec condimentum neque sapien placerat ante. Nulla justo.', '2023-03-23 19:33:39', 'Merv', '2022-07-22 15:09:23', 'Marsiella');
insert into article_comment (user_id, article_id, content, created_at, created_by, modified_at, modified_by) values ('yessm621', 47, 'Maecenas tristique, est et tempus semper, est quam pharetra magna, ac consequat metus sapien ut nunc. Vestibulum ante ipsum primis in faucibus orci luctus et ultrices posuere cubilia Curae; Mauris viverra diam vitae quam. Suspendisse potenti.', '2022-09-14 13:13:34', 'Gertrudis', '2022-08-14 16:19:51', 'Natty');
insert into article_comment (user_id, article_id, content, created_at, created_by, modified_at, modified_by) values ('yessm621', 92, 'Curabitur gravida nisi at nibh. In hac habitasse platea dictumst. Aliquam augue quam, sollicitudin vitae, consectetuer eget, rutrum at, lorem.', '2022-09-25 08:57:24', 'Jarvis', '2023-03-19 10:04:49', 'Guillaume');
insert into article_comment (user_id, article_id, content, created_at, created_by, modified_at, modified_by) values ('yessm621', 16, 'Quisque porta volutpat erat. Quisque erat eros, viverra eget, congue eget, semper rutrum, nulla. Nunc purus.', '2022-05-05 14:17:12', 'Jennette', '2022-05-26 21:55:28', 'Dunn');
insert into article_comment (user_id, article_id, content, created_at, created_by, modified_at, modified_by) values ('yessm621', 91, 'Fusce posuere felis sed lacus. Morbi sem mauris, laoreet ut, rhoncus aliquet, pulvinar sed, nisl. Nunc rhoncus dui vel sem.', '2022-09-03 03:28:15', 'Llewellyn', '2023-01-30 10:09:00', 'Waverly');
insert into article_comment (user_id, article_id, content, created_at, created_by, modified_at, modified_by) values ('yessm621', 96, 'In quis justo. Maecenas rhoncus aliquam lacus. Morbi quis tortor id nulla ultrices aliquet.', '2022-06-06 22:35:01', 'Laurianne', '2023-01-20 22:46:47', 'Claudetta');
insert into article_comment (user_id, article_id, content, created_at, created_by, modified_at, modified_by) values ('yessm621', 24, 'Curabitur at ipsum ac tellus semper interdum. Mauris ullamcorper purus sit amet nulla. Quisque arcu libero, rutrum ac, lobortis vel, dapibus at, diam.', '2022-08-01 06:15:36', 'Alexei', '2022-12-23 21:26:26', 'Curran');
insert into article_comment (user_id, article_id, content, created_at, created_by, modified_at, modified_by) values ('yessm621', 7, 'Duis aliquam convallis nunc. Proin at turpis a pede posuere nonummy. Integer non velit.', '2022-07-31 21:04:12', 'Addison', '2022-07-05 05:04:17', 'Maure');
insert into article_comment (user_id, article_id, content, created_at, created_by, modified_at, modified_by) values ('yessm621', 39, 'Nullam sit amet turpis elementum ligula vehicula consequat. Morbi a ipsum. Integer a nibh.', '2022-09-09 03:57:37', 'Quintilla', '2022-11-07 07:28:44', 'Micky');
insert into article_comment (user_id, article_id, content, created_at, created_by, modified_at, modified_by) values ('yessm621', 47, 'Vestibulum quam sapien, varius ut, blandit non, interdum in, ante. Vestibulum ante ipsum primis in faucibus orci luctus et ultrices posuere cubilia Curae; Duis faucibus accumsan odio. Curabitur convallis.', '2022-09-04 15:16:01', 'Gabbi', '2022-12-11 12:27:50', 'Hanny');
insert into article_comment (user_id, article_id, content, created_at, created_by, modified_at, modified_by) values ('yessm621', 23, 'Pellentesque at nulla. Suspendisse potenti. Cras in purus eu magna vulputate luctus.', '2022-09-24 02:43:04', 'Nara', '2022-05-30 10:21:18', 'Ania');
insert into article_comment (user_id, article_id, content, created_at, created_by, modified_at, modified_by) values ('yessm621', 50, 'Phasellus sit amet erat. Nulla tempus. Vivamus in felis eu sapien cursus vestibulum.', '2022-11-19 21:31:48', 'Conny', '2022-12-31 16:58:37', 'Lacey');
insert into article_comment (user_id, article_id, content, created_at, created_by, modified_at, modified_by) values ('yessm621', 18, 'Nam ultrices, libero non mattis pulvinar, nulla pede ullamcorper augue, a suscipit nulla elit ac nulla. Sed vel enim sit amet nunc viverra dapibus. Nulla suscipit ligula in lacus.', '2022-07-01 13:43:19', 'Brenna', '2022-07-16 06:08:38', 'Mario');
insert into article_comment (user_id, article_id, content, created_at, created_by, modified_at, modified_by) values ('yessm621', 80, 'Cras mi pede, malesuada in, imperdiet et, commodo vulputate, justo. In blandit ultrices enim. Lorem ipsum dolor sit amet, consectetuer adipiscing elit.', '2022-06-02 03:01:13', 'Koenraad', '2022-08-13 16:30:42', 'Mindy');
insert into article_comment (user_id, article_id, content, created_at, created_by, modified_at, modified_by) values ('yessm621', 85, 'In quis justo. Maecenas rhoncus aliquam lacus. Morbi quis tortor id nulla ultrices aliquet.', '2023-04-12 13:42:24', 'Catina', '2022-10-04 01:12:14', 'Daniel');
insert into article_comment (user_id, article_id, content, created_at, created_by, modified_at, modified_by) values ('yessm621', 79, 'Fusce consequat. Nulla nisl. Nunc nisl.', '2022-09-19 12:38:27', 'Modestia', '2022-09-06 00:19:47', 'Otho');
insert into article_comment (user_id, article_id, content, created_at, created_by, modified_at, modified_by) values ('yessm621', 20, 'Lorem ipsum dolor sit amet, consectetuer adipiscing elit. Proin risus. Praesent lectus.', '2022-05-20 16:37:09', 'Brand', '2023-01-20 21:19:17', 'Niki');
insert into article_comment (user_id, article_id, content, created_at, created_by, modified_at, modified_by) values ('yessm621', 78, 'Sed sagittis. Nam congue, risus semper porta volutpat, quam pede lobortis ligula, sit amet eleifend pede libero quis orci. Nullam molestie nibh in lectus.', '2022-08-18 12:57:18', 'Millicent', '2022-09-10 19:27:08', 'Abbie');
insert into article_comment (user_id, article_id, content, created_at, created_by, modified_at, modified_by) values ('yessm621', 75, 'Maecenas leo odio, condimentum id, luctus nec, molestie sed, justo. Pellentesque viverra pede ac diam. Cras pellentesque volutpat dui.', '2022-09-18 10:57:51', 'Jourdain', '2022-10-23 09:36:20', 'Trey');
insert into article_comment (user_id, article_id, content, created_at, created_by, modified_at, modified_by) values ('yessm621', 49, 'Proin leo odio, porttitor id, consequat in, consequat ut, nulla. Sed accumsan felis. Ut at dolor quis odio consequat varius.', '2023-04-09 02:24:27', 'Chandler', '2022-11-18 17:23:14', 'Eolanda');
insert into article_comment (user_id, article_id, content, created_at, created_by, modified_at, modified_by) values ('yessm621', 43, 'Aenean lectus. Pellentesque eget nunc. Donec quis orci eget orci vehicula condimentum.', '2022-08-19 17:49:01', 'Son', '2022-09-05 09:21:34', 'Ebony');
insert into article_comment (user_id, article_id, content, created_at, created_by, modified_at, modified_by) values ('yessm621', 25, 'Maecenas leo odio, condimentum id, luctus nec, molestie sed, justo. Pellentesque viverra pede ac diam. Cras pellentesque volutpat dui.', '2023-01-16 15:25:29', 'Alberta', '2022-10-09 22:06:28', 'Ardys');
insert into article_comment (user_id, article_id, content, created_at, created_by, modified_at, modified_by) values ('yessm621', 79, 'Quisque porta volutpat erat. Quisque erat eros, viverra eget, congue eget, semper rutrum, nulla. Nunc purus.', '2023-01-23 15:46:50', 'Maynard', '2022-10-15 07:30:37', 'Hallsy');
insert into article_comment (user_id, article_id, content, created_at, created_by, modified_at, modified_by) values ('yessm621', 34, 'Curabitur gravida nisi at nibh. In hac habitasse platea dictumst. Aliquam augue quam, sollicitudin vitae, consectetuer eget, rutrum at, lorem.', '2022-07-23 06:49:34', 'Dewie', '2022-07-03 08:36:15', 'Godfry');
insert into article_comment (user_id, article_id, content, created_at, created_by, modified_at, modified_by) values ('yessm621', 16, 'Nulla ut erat id mauris vulputate elementum. Nullam varius. Nulla facilisi.', '2022-09-15 08:19:44', 'Julee', '2022-11-11 15:58:43', 'Skippie');
insert into article_comment (user_id, article_id, content, created_at, created_by, modified_at, modified_by) values ('yessm621', 26, 'Suspendisse potenti. In eleifend quam a odio. In hac habitasse platea dictumst.', '2022-08-21 08:53:31', 'Herculie', '2022-05-13 02:35:08', 'Fawnia');
insert into article_comment (user_id, article_id, content, created_at, created_by, modified_at, modified_by) values ('yessm621', 24, 'Morbi porttitor lorem id ligula. Suspendisse ornare consequat lectus. In est risus, auctor sed, tristique in, tempus sit amet, sem.', '2022-06-22 01:37:13', 'Joletta', '2023-03-11 06:25:34', 'Murry');
insert into article_comment (user_id, article_id, content, created_at, created_by, modified_at, modified_by) values ('yessm621', 20, 'Cum sociis natoque penatibus et magnis dis parturient montes, nascetur ridiculus mus. Vivamus vestibulum sagittis sapien. Cum sociis natoque penatibus et magnis dis parturient montes, nascetur ridiculus mus.', '2023-04-04 02:07:55', 'Sinclare', '2022-08-27 18:09:37', 'Tiffi');
insert into article_comment (user_id, article_id, content, created_at, created_by, modified_at, modified_by) values ('yessm621', 21, 'Nullam sit amet turpis elementum ligula vehicula consequat. Morbi a ipsum. Integer a nibh.', '2022-11-15 12:37:52', 'Sena', '2022-07-07 18:12:47', 'Ellette');
insert into article_comment (user_id, article_id, content, created_at, created_by, modified_at, modified_by) values ('yessm621', 65, 'Lorem ipsum dolor sit amet, consectetuer adipiscing elit. Proin risus. Praesent lectus.', '2022-08-09 19:27:32', 'Paxton', '2023-03-27 08:09:52', 'Ingra');
insert into article_comment (user_id, article_id, content, created_at, created_by, modified_at, modified_by) values ('yessm621', 82, 'Fusce consequat. Nulla nisl. Nunc nisl.', '2023-01-02 18:16:47', 'Alanson', '2022-09-16 22:58:29', 'Marys');
insert into article_comment (user_id, article_id, content, created_at, created_by, modified_at, modified_by) values ('yessm621', 81, 'Cras mi pede, malesuada in, imperdiet et, commodo vulputate, justo. In blandit ultrices enim. Lorem ipsum dolor sit amet, consectetuer adipiscing elit.', '2022-11-26 14:14:38', 'Linn', '2023-03-11 00:54:28', 'Jasmine');
insert into article_comment (user_id, article_id, content, created_at, created_by, modified_at, modified_by) values ('yessm621', 100, 'In congue. Etiam justo. Etiam pretium iaculis justo.', '2022-05-12 11:36:32', 'Loise', '2022-05-24 10:01:06', 'Benji');
insert into article_comment (user_id, article_id, content, created_at, created_by, modified_at, modified_by) values ('yessm621', 78, 'Duis bibendum. Morbi non quam nec dui luctus rutrum. Nulla tellus.', '2022-08-04 02:47:54', 'Sibby', '2022-07-06 16:30:01', 'Thedrick');
insert into article_comment (user_id, article_id, content, created_at, created_by, modified_at, modified_by) values ('yessm621', 61, 'Maecenas leo odio, condimentum id, luctus nec, molestie sed, justo. Pellentesque viverra pede ac diam. Cras pellentesque volutpat dui.', '2023-02-24 17:44:08', 'Baxie', '2022-08-12 13:08:09', 'Solly');
insert into article_comment (user_id, article_id, content, created_at, created_by, modified_at, modified_by) values ('yessm621', 66, 'Fusce consequat. Nulla nisl. Nunc nisl.', '2022-09-08 11:13:19', 'Sidney', '2022-11-09 03:01:59', 'Ginnie');
insert into article_comment (user_id, article_id, content, created_at, created_by, modified_at, modified_by) values ('yessm621', 19, 'Nullam porttitor lacus at turpis. Donec posuere metus vitae ipsum. Aliquam non mauris.', '2023-01-23 21:42:03', 'Maximilian', '2022-12-28 04:48:49', 'Sheelagh');
insert into article_comment (user_id, article_id, content, created_at, created_by, modified_at, modified_by) values ('yessm621', 76, 'Maecenas tristique, est et tempus semper, est quam pharetra magna, ac consequat metus sapien ut nunc. Vestibulum ante ipsum primis in faucibus orci luctus et ultrices posuere cubilia Curae; Mauris viverra diam vitae quam. Suspendisse potenti.', '2022-08-30 21:36:05', 'Hastings', '2022-09-08 09:53:51', 'Erich');
insert into article_comment (user_id, article_id, content, created_at, created_by, modified_at, modified_by) values ('yessm621', 8, 'Praesent id massa id nisl venenatis lacinia. Aenean sit amet justo. Morbi ut odio.', '2022-06-05 02:00:21', 'Renault', '2022-07-15 08:16:47', 'Elna');
insert into article_comment (user_id, article_id, content, created_at, created_by, modified_at, modified_by) values ('yessm621', 32, 'Curabitur in libero ut massa volutpat convallis. Morbi odio odio, elementum eu, interdum eu, tincidunt in, leo. Maecenas pulvinar lobortis est.', '2022-06-28 21:51:47', 'Alberik', '2022-12-29 01:27:16', 'Myrlene');
insert into article_comment (user_id, article_id, content, created_at, created_by, modified_at, modified_by) values ('yessm621', 5, 'Cras mi pede, malesuada in, imperdiet et, commodo vulputate, justo. In blandit ultrices enim. Lorem ipsum dolor sit amet, consectetuer adipiscing elit.', '2022-10-09 00:06:35', 'Farlay', '2022-10-06 15:19:25', 'Nadine');
insert into article_comment (user_id, article_id, content, created_at, created_by, modified_at, modified_by) values ('yessm621', 13, 'Proin eu mi. Nulla ac enim. In tempor, turpis nec euismod scelerisque, quam turpis adipiscing lorem, vitae mattis nibh ligula nec sem.', '2022-09-23 12:13:17', 'Ynez', '2022-05-13 13:13:24', 'Aubry');
insert into article_comment (user_id, article_id, content, created_at, created_by, modified_at, modified_by) values ('yessm621', 12, 'Cras mi pede, malesuada in, imperdiet et, commodo vulputate, justo. In blandit ultrices enim. Lorem ipsum dolor sit amet, consectetuer adipiscing elit.', '2022-05-30 18:55:09', 'Zelig', '2022-10-30 03:10:41', 'Phillipe');
insert into article_comment (user_id, article_id, content, created_at, created_by, modified_at, modified_by) values ('yessm621', 64, 'Duis bibendum, felis sed interdum venenatis, turpis enim blandit mi, in porttitor pede justo eu massa. Donec dapibus. Duis at velit eu est congue elementum.', '2022-09-13 09:53:15', 'Teador', '2022-06-04 14:06:06', 'Farica');
insert into article_comment (user_id, article_id, content, created_at, created_by, modified_at, modified_by) values ('yessm621', 36, 'Duis aliquam convallis nunc. Proin at turpis a pede posuere nonummy. Integer non velit.', '2023-01-22 02:02:16', 'Dorey', '2023-01-11 01:49:36', 'Dahlia');
insert into article_comment (user_id, article_id, content, created_at, created_by, modified_at, modified_by) values ('yessm621', 79, 'In hac habitasse platea dictumst. Morbi vestibulum, velit id pretium iaculis, diam erat fermentum justo, nec condimentum neque sapien placerat ante. Nulla justo.', '2022-09-30 07:12:14', 'Shani', '2022-06-20 17:43:37', 'Jessalin');
insert into article_comment (user_id, article_id, content, created_at, created_by, modified_at, modified_by) values ('yessm621', 9, 'Aenean fermentum. Donec ut mauris eget massa tempor convallis. Nulla neque libero, convallis eget, eleifend luctus, ultricies eu, nibh.', '2023-01-14 03:28:42', 'Dreddy', '2022-06-26 08:57:21', 'Edgardo');
insert into article_comment (user_id, article_id, content, created_at, created_by, modified_at, modified_by) values ('yessm621', 98, 'In congue. Etiam justo. Etiam pretium iaculis justo.', '2022-08-06 04:00:28', 'Laverna', '2023-04-08 09:16:05', 'Sutherlan');
insert into article_comment (user_id, article_id, content, created_at, created_by, modified_at, modified_by) values ('yessm621', 23, 'Cum sociis natoque penatibus et magnis dis parturient montes, nascetur ridiculus mus. Vivamus vestibulum sagittis sapien. Cum sociis natoque penatibus et magnis dis parturient montes, nascetur ridiculus mus.', '2022-11-02 11:37:05', 'Elsey', '2022-09-01 10:38:19', 'Tiffie');
insert into article_comment (user_id, article_id, content, created_at, created_by, modified_at, modified_by) values ('yessm621', 22, 'Aenean fermentum. Donec ut mauris eget massa tempor convallis. Nulla neque libero, convallis eget, eleifend luctus, ultricies eu, nibh.', '2022-10-10 06:57:25', 'Petronilla', '2022-05-18 03:50:56', 'Annis');
insert into article_comment (user_id, article_id, content, created_at, created_by, modified_at, modified_by) values ('yessm621', 31, 'Nam ultrices, libero non mattis pulvinar, nulla pede ullamcorper augue, a suscipit nulla elit ac nulla. Sed vel enim sit amet nunc viverra dapibus. Nulla suscipit ligula in lacus.', '2022-05-04 07:02:44', 'Martino', '2023-01-08 20:37:01', 'Freida');
insert into article_comment (user_id, article_id, content, created_at, created_by, modified_at, modified_by) values ('yessm621', 94, 'Proin eu mi. Nulla ac enim. In tempor, turpis nec euismod scelerisque, quam turpis adipiscing lorem, vitae mattis nibh ligula nec sem.', '2023-03-30 07:34:54', 'Ashely', '2022-06-24 13:26:27', 'Edy');
insert into article_comment (user_id, article_id, content, created_at, created_by, modified_at, modified_by) values ('yessm621', 72, 'Nulla ut erat id mauris vulputate elementum. Nullam varius. Nulla facilisi.', '2023-03-02 01:45:59', 'Rheba', '2023-04-15 01:38:05', 'Marya');
insert into article_comment (user_id, article_id, content, created_at, created_by, modified_at, modified_by) values ('yessm621', 9, 'In quis justo. Maecenas rhoncus aliquam lacus. Morbi quis tortor id nulla ultrices aliquet.', '2022-05-21 18:59:54', 'Isaiah', '2022-07-28 02:05:54', 'Drucie');
insert into article_comment (user_id, article_id, content, created_at, created_by, modified_at, modified_by) values ('yessm621', 34, 'In hac habitasse platea dictumst. Etiam faucibus cursus urna. Ut tellus.', '2023-03-20 03:30:00', 'Alayne', '2022-12-09 05:46:49', 'Fredia');
insert into article_comment (user_id, article_id, content, created_at, created_by, modified_at, modified_by) values ('yessm621', 66, 'Curabitur in libero ut massa volutpat convallis. Morbi odio odio, elementum eu, interdum eu, tincidunt in, leo. Maecenas pulvinar lobortis est.', '2022-09-25 10:47:25', 'Bearnard', '2022-08-13 03:16:25', 'Worthington');
insert into article_comment (user_id, article_id, content, created_at, created_by, modified_at, modified_by) values ('yessm621', 83, 'Phasellus sit amet erat. Nulla tempus. Vivamus in felis eu sapien cursus vestibulum.', '2022-11-19 21:12:10', 'Roxanna', '2022-09-26 19:08:20', 'Chrotoem');
insert into article_comment (user_id, article_id, content, created_at, created_by, modified_at, modified_by) values ('yessm621', 87, 'Pellentesque at nulla. Suspendisse potenti. Cras in purus eu magna vulputate luctus.', '2023-03-17 13:11:48', 'Rudd', '2022-11-12 08:48:03', 'Beatrix');
insert into article_comment (user_id, article_id, content, created_at, created_by, modified_at, modified_by) values ('yessm621', 56, 'Vestibulum quam sapien, varius ut, blandit non, interdum in, ante. Vestibulum ante ipsum primis in faucibus orci luctus et ultrices posuere cubilia Curae; Duis faucibus accumsan odio. Curabitur convallis.', '2022-09-03 19:35:00', 'Marybelle', '2022-08-23 09:57:27', 'Eleonora');
insert into article_comment (user_id, article_id, content, created_at, created_by, modified_at, modified_by) values ('yessm621', 21, 'Vestibulum quam sapien, varius ut, blandit non, interdum in, ante. Vestibulum ante ipsum primis in faucibus orci luctus et ultrices posuere cubilia Curae; Duis faucibus accumsan odio. Curabitur convallis.', '2022-07-12 08:49:16', 'Kylila', '2023-01-04 20:08:28', 'Marian');
insert into article_comment (user_id, article_id, content, created_at, created_by, modified_at, modified_by) values ('yessm621', 52, 'Nullam porttitor lacus at turpis. Donec posuere metus vitae ipsum. Aliquam non mauris.', '2022-12-28 18:26:50', 'Ursula', '2023-01-15 07:03:24', 'Elton');
insert into article_comment (user_id, article_id, content, created_at, created_by, modified_at, modified_by) values ('yessm621', 60, 'Vestibulum quam sapien, varius ut, blandit non, interdum in, ante. Vestibulum ante ipsum primis in faucibus orci luctus et ultrices posuere cubilia Curae; Duis faucibus accumsan odio. Curabitur convallis.', '2022-11-03 10:52:40', 'Eward', '2022-11-28 18:03:23', 'Heidi');
insert into article_comment (user_id, article_id, content, created_at, created_by, modified_at, modified_by) values ('yessm621', 9, 'Curabitur at ipsum ac tellus semper interdum. Mauris ullamcorper purus sit amet nulla. Quisque arcu libero, rutrum ac, lobortis vel, dapibus at, diam.', '2022-06-20 12:12:54', 'Opalina', '2023-02-27 13:31:18', 'Carie');
insert into article_comment (user_id, article_id, content, created_at, created_by, modified_at, modified_by) values ('yessm621', 54, 'Praesent blandit. Nam nulla. Integer pede justo, lacinia eget, tincidunt eget, tempus vel, pede.', '2023-01-24 00:46:07', 'Jeni', '2022-05-23 06:19:30', 'Flory');
insert into article_comment (user_id, article_id, content, created_at, created_by, modified_at, modified_by) values ('yessm621', 57, 'Duis bibendum. Morbi non quam nec dui luctus rutrum. Nulla tellus.', '2023-03-01 10:29:07', 'Orren', '2023-01-02 11:08:54', 'Laetitia');
insert into article_comment (user_id, article_id, content, created_at, created_by, modified_at, modified_by) values ('yessm621', 12, 'Aliquam quis turpis eget elit sodales scelerisque. Mauris sit amet eros. Suspendisse accumsan tortor quis turpis.', '2023-02-05 04:48:45', 'Ivette', '2022-08-30 03:43:48', 'Theda');
insert into article_comment (user_id, article_id, content, created_at, created_by, modified_at, modified_by) values ('yessm621', 22, 'Curabitur in libero ut massa volutpat convallis. Morbi odio odio, elementum eu, interdum eu, tincidunt in, leo. Maecenas pulvinar lobortis est.', '2022-11-30 01:41:30', 'Cammie', '2022-09-28 11:55:28', 'Cindelyn');
insert into article_comment (user_id, article_id, content, created_at, created_by, modified_at, modified_by) values ('yessm621', 38, 'In quis justo. Maecenas rhoncus aliquam lacus. Morbi quis tortor id nulla ultrices aliquet.', '2023-03-04 03:19:11', 'Maye', '2022-10-24 02:13:54', 'Annabel');
insert into article_comment (user_id, article_id, content, created_at, created_by, modified_at, modified_by) values ('yessm621', 41, 'In congue. Etiam justo. Etiam pretium iaculis justo.', '2023-01-04 22:19:50', 'Alexis', '2022-09-04 03:13:41', 'Consuelo');
insert into article_comment (user_id, article_id, content, created_at, created_by, modified_at, modified_by) values ('yessm621', 35, 'In hac habitasse platea dictumst. Morbi vestibulum, velit id pretium iaculis, diam erat fermentum justo, nec condimentum neque sapien placerat ante. Nulla justo.', '2022-07-12 21:21:59', 'Artemis', '2023-03-17 04:56:25', 'Eddie');
insert into article_comment (user_id, article_id, content, created_at, created_by, modified_at, modified_by) values ('yessm621', 97, 'Sed ante. Vivamus tortor. Duis mattis egestas metus.', '2022-09-24 06:15:50', 'Cazzie', '2022-05-08 01:42:16', 'Alphonso');
insert into article_comment (user_id, article_id, content, created_at, created_by, modified_at, modified_by) values ('yessm621', 89, 'Quisque id justo sit amet sapien dignissim vestibulum. Vestibulum ante ipsum primis in faucibus orci luctus et ultrices posuere cubilia Curae; Nulla dapibus dolor vel est. Donec odio justo, sollicitudin ut, suscipit a, feugiat et, eros.', '2022-09-07 16:54:07', 'Imogen', '2023-01-02 19:00:12', 'George');
insert into article_comment (user_id, article_id, content, created_at, created_by, modified_at, modified_by) values ('yessm621', 96, 'Sed sagittis. Nam congue, risus semper porta volutpat, quam pede lobortis ligula, sit amet eleifend pede libero quis orci. Nullam molestie nibh in lectus.', '2022-05-02 13:12:47', 'Faythe', '2022-06-10 10:27:29', 'Rachelle');
insert into article_comment (user_id, article_id, content, created_at, created_by, modified_at, modified_by) values ('yessm621', 61, 'In hac habitasse platea dictumst. Morbi vestibulum, velit id pretium iaculis, diam erat fermentum justo, nec condimentum neque sapien placerat ante. Nulla justo.', '2023-03-01 12:28:59', 'Michel', '2023-03-04 16:30:20', 'Ashlen');
insert into article_comment (user_id, article_id, content, created_at, created_by, modified_at, modified_by) values ('yessm621', 97, 'Integer tincidunt ante vel ipsum. Praesent blandit lacinia erat. Vestibulum sed magna at nunc commodo placerat.', '2022-09-20 19:15:40', 'Jonathan', '2022-12-02 02:07:39', 'Rosie');
insert into article_comment (user_id, article_id, content, created_at, created_by, modified_at, modified_by) values ('yessm621', 3, 'Cras mi pede, malesuada in, imperdiet et, commodo vulputate, justo. In blandit ultrices enim. Lorem ipsum dolor sit amet, consectetuer adipiscing elit.', '2022-08-20 09:57:05', 'Donovan', '2022-06-04 10:40:32', 'Sybil');
insert into article_comment (user_id, article_id, content, created_at, created_by, modified_at, modified_by) values ('yessm621', 24, 'Aliquam quis turpis eget elit sodales scelerisque. Mauris sit amet eros. Suspendisse accumsan tortor quis turpis.', '2023-04-26 21:01:35', 'Isador', '2022-07-13 22:16:33', 'Mariann');
insert into article_comment (user_id, article_id, content, created_at, created_by, modified_at, modified_by) values ('yessm621', 27, 'Fusce posuere felis sed lacus. Morbi sem mauris, laoreet ut, rhoncus aliquet, pulvinar sed, nisl. Nunc rhoncus dui vel sem.', '2022-10-31 10:58:03', 'Shae', '2022-10-19 02:16:35', 'Carmen');
